transaction_id,user_id,amount,transaction_date,currency,name,status,updated_at,Date_x,Date_y,Date,exchange_rate,amount_usd
TXN00001,117,4279.84,2025-01-26,EUR,Nisha,Inactive,2025-05-25,,,,,
TXN00002,126,1716.44,2025-02-03,EUR,Nisha,Inactive,2025-04-28,2025-02-03,2025-02-03,2025-02-03,83.93,20.450851900393182
TXN00003,128,3639.62,2025-06-24,EUR,Vikas,Inactive,2025-01-11,2025-06-24,2025-06-24,2025-06-24,83.32,43.68242918867019
TXN00004,129,85.5,2025-04-09,EUR,Pooja,Inactive,2025-01-28,2025-04-09,2025-04-09,2025-04-09,84.97,1.0062374955866777
TXN00005,191,4160.22,2025-05-21,EUR,Rohan,Inactive,2025-02-15,2025-05-21,2025-05-21,2025-05-21,84.58,49.18680539134547
TXN00006,193,1161.44,2025-06-16,EUR,Kriti,Active,2025-06-12,2025-06-16,2025-06-16,2025-06-16,83.79,13.861319966583125
TXN00007,131,2794.82,2025-04-23,EUR,Vikas,Active,2025-02-02,2025-04-23,2025-04-23,2025-04-23,84.96,32.89571563088513
TXN00008,168,1312.73,2025-03-26,EUR,Sneha,Inactive,2025-06-28,2025-03-26,2025-03-26,2025-03-26,83.51,15.719434798227756
TXN00009,193,4965.59,2025-04-04,EUR,Kriti,Active,2025-06-12,2025-04-04,2025-04-04,2025-04-04,83.52,59.45390325670498
TXN00010,145,4528.88,2025-06-16,EUR,Isha,Active,2025-03-04,2025-06-16,2025-06-16,2025-06-16,83.79,54.05036400525122
TXN00011,131,1334.76,2025-06-03,EUR,Vikas,Active,2025-02-02,2025-06-03,2025-06-03,2025-06-03,84.29,15.83533040692846
TXN00012,140,211.96,2025-06-22,EUR,Amit,Active,2025-04-18,,,,,
TXN00013,176,1622.39,2025-03-03,EUR,Karan,Active,2025-03-21,2025-03-03,2025-03-03,2025-03-03,84.38,19.2271865370941
TXN00014,121,2757.65,2025-06-14,EUR,Manav,Active,2025-06-20,,,,,
TXN00015,133,3847.88,2025-06-05,EUR,Meera,Inactive,2025-01-20,2025-06-05,2025-06-05,2025-06-05,83.11,46.29864035615449
TXN00016,128,524.04,2025-02-11,EUR,Vikas,Inactive,2025-01-11,2025-02-11,2025-02-11,2025-02-11,83.53,6.273674129055428
TXN00017,145,1316.38,2025-02-19,EUR,Isha,Active,2025-03-04,2025-02-19,2025-02-19,2025-02-19,84.32,15.611717267552185
TXN00018,143,3026.61,2025-02-23,EUR,Meera,Inactive,2025-05-22,,,,,
TXN00019,173,682.01,2025-04-18,EUR,Dev,Active,2025-04-19,2025-04-18,2025-04-18,2025-04-18,83.41,8.176597530272149
TXN00020,102,16.23,2025-04-02,EUR,Dev,Active,2025-01-02,2025-04-02,2025-04-02,2025-04-02,84.56,0.19193472090823085
TXN00021,152,3264.5,2025-05-03,EUR,Vikas,Inactive,2025-03-17,,,,,
TXN00022,176,4052.17,2025-06-22,EUR,Karan,Active,2025-03-21,,,,,
TXN00023,171,4619.16,2025-01-10,EUR,Pooja,Inactive,2025-03-06,2025-01-10,2025-01-10,2025-01-10,83.92,55.04242135367016
TXN00024,190,577.12,2025-05-25,EUR,Karan,Inactive,2025-03-07,,,,,
TXN00025,140,3524.33,2025-05-27,EUR,Amit,Active,2025-04-18,2025-05-27,2025-05-27,2025-05-27,83.58,42.167145250059825
TXN00026,166,444.71,2025-06-26,EUR,Arjun,Active,2025-03-10,2025-06-26,2025-06-26,2025-06-26,84.48,5.264086174242424
TXN00027,168,284.26,2025-02-15,EUR,Sneha,Inactive,2025-06-28,,,,,
TXN00028,180,1381.07,2025-03-11,EUR,Rahul,Active,2025-05-26,2025-03-11,2025-03-11,2025-03-11,84.24,16.39446818613485
TXN00029,190,124.96,2025-05-15,EUR,Karan,Inactive,2025-03-07,2025-05-15,2025-05-15,2025-05-15,83.8,1.4911694510739857
TXN00030,175,1492.39,2025-01-01,EUR,Isha,Inactive,2025-03-23,2025-01-01,2025-01-01,2025-01-01,83.68,17.834488527724666
TXN00031,152,3556.09,2025-01-03,EUR,Vikas,Inactive,2025-03-17,2025-01-03,2025-01-03,2025-01-03,83.71,42.481065583562305
TXN00032,151,2784.55,2025-04-20,EUR,Kriti,Active,2025-02-09,,,,,
TXN00033,171,720.1,2025-01-15,EUR,Pooja,Inactive,2025-03-06,2025-01-15,2025-01-15,2025-01-15,84.52,8.519876952200663
TXN00034,194,3135.41,2025-04-10,EUR,Aakash,Inactive,2025-02-24,2025-04-10,2025-04-10,2025-04-10,84.34,37.17583590230021
TXN00035,147,376.97,2025-03-20,EUR,Nisha,Active,2025-06-15,2025-03-20,2025-03-20,2025-03-20,84.53,4.459600141961434
TXN00036,125,1420.63,2025-05-22,EUR,Ritika,Active,2025-03-08,2025-05-22,2025-05-22,2025-05-22,83.64,16.985054997608803
TXN00037,190,1702.51,2025-04-05,EUR,Karan,Inactive,2025-03-07,,,,,
TXN00038,139,493.98,2025-03-20,EUR,Ritika,Active,2025-03-30,2025-03-20,2025-03-20,2025-03-20,84.53,5.84384242280847
TXN00039,139,2921.08,2025-01-25,EUR,Ritika,Active,2025-03-30,,,,,
TXN00040,122,4469.5,2025-04-02,EUR,Rahul,Active,2025-04-30,2025-04-02,2025-04-02,2025-04-02,84.56,52.85596026490066
TXN00041,173,548.57,2025-05-16,EUR,Dev,Active,2025-04-19,2025-05-16,2025-05-16,2025-05-16,83.62,6.560272662042574
TXN00042,120,1861.77,2025-06-26,EUR,Amit,Inactive,2025-01-23,2025-06-26,2025-06-26,2025-06-26,84.48,22.037997159090907
TXN00043,156,2700.74,2025-05-19,EUR,Meera,Active,2025-03-02,2025-05-19,2025-05-19,2025-05-19,84.85,31.829581614614025
TXN00044,138,1160.21,2025-02-18,EUR,Vikas,Active,2025-05-24,2025-02-18,2025-02-18,2025-02-18,84.77,13.686563642798161
TXN00045,184,2394.63,2025-06-27,EUR,Meera,Inactive,2025-06-02,2025-06-27,2025-06-27,2025-06-27,83.32,28.74015842534806
TXN00046,164,581.59,2025-02-16,EUR,Dev,Inactive,2025-03-03,,,,,
TXN00047,163,4050.43,2025-02-15,EUR,Rahul,Active,2025-03-21,,,,,
TXN00048,124,501.92,2025-05-10,EUR,Meera,Inactive,2025-01-29,,,,,
TXN00049,200,2409.89,2025-01-01,EUR,Karan,Inactive,2025-03-01,2025-01-01,2025-01-01,2025-01-01,83.68,28.798876673040148
TXN00050,149,3521.38,2025-05-12,EUR,Manav,Active,2025-03-16,2025-05-12,2025-05-12,2025-05-12,84.6,41.623877068557924
TXN00051,193,3008.89,2025-04-19,EUR,Kriti,Active,2025-06-12,,,,,
TXN00052,125,3623.85,2025-03-04,EUR,Ritika,Active,2025-03-08,2025-03-04,2025-03-04,2025-03-04,84.73,42.769385105629645
TXN00053,189,3253.9,2025-06-03,EUR,Yash,Inactive,2025-04-10,2025-06-03,2025-06-03,2025-06-03,84.29,38.60363032388184
TXN00054,134,1866.63,2025-02-20,EUR,Isha,Active,2025-03-11,2025-02-20,2025-02-20,2025-02-20,84.33,22.13482746353611
TXN00055,174,3911.41,2025-04-07,EUR,Pooja,Active,2025-04-20,2025-04-07,2025-04-07,2025-04-07,83.03,47.10839455618451
TXN00056,127,556.69,2025-02-22,EUR,Isha,Inactive,2025-04-05,,,,,
TXN00057,153,4670.39,2025-01-09,EUR,Arjun,Inactive,2025-04-06,2025-01-09,2025-01-09,2025-01-09,84.09,55.54037340944227
TXN00058,186,3400.57,2025-04-07,EUR,Pooja,Inactive,2025-06-26,2025-04-07,2025-04-07,2025-04-07,83.03,40.95591954715163
TXN00059,142,1383.93,2025-06-30,EUR,Amit,Inactive,2025-03-20,2025-06-30,2025-06-30,2025-06-30,84.71,16.337268327234096
TXN00060,153,2431.44,2025-02-06,EUR,Arjun,Inactive,2025-04-06,2025-02-06,2025-02-06,2025-02-06,84.62,28.733632710943038
TXN00061,158,4695.39,2025-02-03,EUR,Yash,Active,2025-03-07,2025-02-03,2025-02-03,2025-02-03,83.93,55.9441201000834
TXN00062,169,3137.56,2025-02-14,EUR,Neha,Active,2025-01-21,2025-02-14,2025-02-14,2025-02-14,83.57,37.54409477085078
TXN00063,168,1615.47,2025-01-16,EUR,Sneha,Inactive,2025-06-28,2025-01-16,2025-01-16,2025-01-16,83.1,19.440072202166068
TXN00064,113,4037.41,2025-04-15,EUR,Meera,Active,2025-04-29,2025-04-15,2025-04-15,2025-04-15,83.01,48.637634019997584
TXN00065,141,2424.55,2025-01-02,EUR,Ritika,Active,2025-05-02,2025-01-02,2025-01-02,2025-01-02,83.25,29.123723723723725
TXN00066,175,4062.02,2025-05-20,EUR,Isha,Inactive,2025-03-23,2025-05-20,2025-05-20,2025-05-20,83.33,48.746189847593904
TXN00067,145,4548.56,2025-02-09,EUR,Isha,Active,2025-03-04,,,,,
TXN00068,167,1881.95,2025-01-20,EUR,Pooja,Active,2025-01-08,2025-01-20,2025-01-20,2025-01-20,83.33,22.584303372134887
TXN00069,126,2335.34,2025-05-11,EUR,Nisha,Inactive,2025-04-28,,,,,
TXN00070,168,1576.17,2025-03-15,EUR,Sneha,Inactive,2025-06-28,,,,,
TXN00071,184,3763.77,2025-04-07,EUR,Meera,Inactive,2025-06-02,2025-04-07,2025-04-07,2025-04-07,83.03,45.33024208117548
TXN00072,145,1796.94,2025-03-18,EUR,Isha,Active,2025-03-04,2025-03-18,2025-03-18,2025-03-18,84.12,21.361626248216833
TXN00073,197,1240.94,2025-02-09,EUR,Aakash,Active,2025-06-05,,,,,
TXN00074,108,3986.81,2025-05-25,EUR,Isha,Inactive,2025-05-18,,,,,
TXN00075,151,4762.46,2025-01-10,EUR,Kriti,Active,2025-02-09,2025-01-10,2025-01-10,2025-01-10,83.92,56.75
TXN00076,185,4695.28,2025-06-29,EUR,Rahul,Inactive,2025-02-04,,,,,
TXN00077,110,2291.22,2025-01-28,EUR,Karan,Inactive,2025-03-22,2025-01-28,2025-01-28,2025-01-28,84.34,27.166469053829733
TXN00078,165,1955.03,2025-06-30,EUR,Karan,Inactive,2025-02-19,2025-06-30,2025-06-30,2025-06-30,84.71,23.079093377405265
TXN00079,164,3722.03,2025-06-30,EUR,Dev,Inactive,2025-03-03,2025-06-30,2025-06-30,2025-06-30,84.71,43.938496045331135
TXN00080,104,1095.62,2025-02-13,EUR,Priya,Active,2025-06-19,2025-02-13,2025-02-13,2025-02-13,84.62,12.947530134719923
TXN00081,191,1498.91,2025-02-24,EUR,Rohan,Inactive,2025-02-15,2025-02-24,2025-02-24,2025-02-24,84.62,17.713424722287876
TXN00082,165,4234.94,2025-03-06,EUR,Karan,Inactive,2025-02-19,2025-03-06,2025-03-06,2025-03-06,83.22,50.88848834414804
TXN00083,160,2904.14,2025-01-10,EUR,Arjun,Active,2025-05-06,2025-01-10,2025-01-10,2025-01-10,83.92,34.606053384175404
TXN00084,160,1177.23,2025-06-09,EUR,Arjun,Active,2025-05-06,2025-06-09,2025-06-09,2025-06-09,83.38,14.11885344207244
TXN00085,121,3440.05,2025-06-15,EUR,Manav,Active,2025-06-20,,,,,
TXN00086,157,3587.9,2025-01-13,EUR,Arjun,Active,2025-05-21,2025-01-13,2025-01-13,2025-01-13,84.02,42.70292787431564
TXN00087,145,2417.69,2025-01-09,EUR,Isha,Active,2025-03-04,2025-01-09,2025-01-09,2025-01-09,84.09,28.751218932096563
TXN00088,155,691.6,2025-05-03,EUR,Karan,Active,2025-03-28,,,,,
TXN00089,113,4358.71,2025-03-04,EUR,Meera,Active,2025-04-29,2025-03-04,2025-03-04,2025-03-04,84.73,51.44234627640741
TXN00090,104,1639.16,2025-02-02,EUR,Priya,Active,2025-06-19,,,,,
TXN00091,167,3237.55,2025-03-11,EUR,Pooja,Active,2025-01-08,2025-03-11,2025-03-11,2025-03-11,84.24,38.43245489078823
TXN00092,189,4083.31,2025-04-07,EUR,Yash,Inactive,2025-04-10,2025-04-07,2025-04-07,2025-04-07,83.03,49.178730579308684
TXN00093,116,2941.65,2025-04-19,EUR,Rohan,Active,2025-01-11,,,,,
TXN00094,191,4657.91,2025-01-04,EUR,Rohan,Inactive,2025-02-15,,,,,
TXN00095,173,4323.06,2025-05-28,EUR,Dev,Active,2025-04-19,2025-05-28,2025-05-28,2025-05-28,83.23,51.94112699747687
TXN00096,119,3250.0,2025-03-24,EUR,Karan,Inactive,2025-01-05,2025-03-24,2025-03-24,2025-03-24,83.52,38.912835249042146
TXN00097,144,81.67,2025-01-07,EUR,Yash,Active,2025-03-26,2025-01-07,2025-01-07,2025-01-07,84.17,0.9702982060116431
TXN00098,141,1752.77,2025-05-06,EUR,Ritika,Active,2025-05-02,2025-05-06,2025-05-06,2025-05-06,84.84,20.659712399811408
TXN00099,144,636.0,2025-01-13,EUR,Yash,Active,2025-03-26,2025-01-13,2025-01-13,2025-01-13,84.02,7.569626279457273
TXN00100,161,1350.55,2025-02-21,EUR,Aakash,Active,2025-01-09,2025-02-21,2025-02-21,2025-02-21,83.67,16.141388789291263
TXN00101,185,3408.07,2025-01-09,EUR,Rahul,Inactive,2025-02-04,2025-01-09,2025-01-09,2025-01-09,84.09,40.52883814960162
TXN00102,189,2774.06,2025-06-14,EUR,Yash,Inactive,2025-04-10,,,,,
TXN00103,158,138.15,2025-02-18,EUR,Yash,Active,2025-03-07,2025-02-18,2025-02-18,2025-02-18,84.77,1.6297039046832607
TXN00104,155,2893.76,2025-05-17,EUR,Karan,Active,2025-03-28,,,,,
TXN00105,190,1779.86,2025-04-25,EUR,Karan,Inactive,2025-03-07,2025-04-25,2025-04-25,2025-04-25,84.26,21.123427486351765
TXN00106,186,1404.07,2025-03-11,EUR,Pooja,Inactive,2025-06-26,2025-03-11,2025-03-11,2025-03-11,84.24,16.667497625830958
TXN00107,115,4059.75,2025-02-03,EUR,Kriti,Active,2025-02-20,2025-02-03,2025-02-03,2025-02-03,83.93,48.37066603121649
TXN00108,124,2726.45,2025-01-14,EUR,Meera,Inactive,2025-01-29,2025-01-14,2025-01-14,2025-01-14,84.89,32.11744610672635
TXN00109,114,2062.62,2025-03-16,EUR,Manav,Inactive,2025-04-28,,,,,
TXN00110,184,2584.66,2025-02-27,EUR,Meera,Inactive,2025-06-02,2025-02-27,2025-02-27,2025-02-27,84.03,30.758776627394976
TXN00111,102,785.2,2025-06-27,EUR,Dev,Active,2025-01-02,2025-06-27,2025-06-27,2025-06-27,83.32,9.423907825252043
TXN00112,149,4403.1,2025-02-04,EUR,Manav,Active,2025-03-16,2025-02-04,2025-02-04,2025-02-04,84.55,52.0768775872265
TXN00113,193,1091.12,2025-03-23,EUR,Kriti,Active,2025-06-12,,,,,
TXN00114,119,4070.73,2025-03-01,EUR,Karan,Inactive,2025-01-05,,,,,
TXN00115,148,3938.76,2025-04-19,EUR,Neha,Inactive,2025-02-15,,,,,
TXN00116,161,2591.19,2025-03-21,EUR,Aakash,Active,2025-01-09,2025-03-21,2025-03-21,2025-03-21,84.13,30.799833590871273
TXN00117,121,430.27,2025-05-07,EUR,Manav,Active,2025-06-20,2025-05-07,2025-05-07,2025-05-07,84.84,5.071546440358321
TXN00118,130,1070.1,2025-05-06,EUR,Aakash,Inactive,2025-06-17,2025-05-06,2025-05-06,2025-05-06,84.84,12.613154172560112
TXN00119,135,2679.49,2025-01-04,EUR,Rahul,Active,2025-03-17,,,,,
TXN00120,138,1579.51,2025-06-13,EUR,Vikas,Active,2025-05-24,2025-06-13,2025-06-13,2025-06-13,84.55,18.681371969248964
TXN00121,120,4280.23,2025-04-10,EUR,Amit,Inactive,2025-01-23,2025-04-10,2025-04-10,2025-04-10,84.34,50.7497035807446
TXN00122,126,3827.43,2025-04-05,EUR,Nisha,Inactive,2025-04-28,,,,,
TXN00123,125,4965.81,2025-02-25,EUR,Ritika,Active,2025-03-08,2025-02-25,2025-02-25,2025-02-25,84.55,58.73222945002958
TXN00124,155,797.65,2025-03-16,EUR,Karan,Active,2025-03-28,,,,,
TXN00125,119,3315.44,2025-03-20,EUR,Karan,Inactive,2025-01-05,2025-03-20,2025-03-20,2025-03-20,84.53,39.222051342718565
TXN00126,146,2662.92,2025-03-15,EUR,Nisha,Inactive,2025-06-23,,,,,
TXN00127,189,4222.56,2025-01-17,EUR,Yash,Inactive,2025-04-10,2025-01-17,2025-01-17,2025-01-17,84.59,49.91795720534343
TXN00128,166,1602.16,2025-01-01,EUR,Arjun,Active,2025-03-10,2025-01-01,2025-01-01,2025-01-01,83.68,19.14627151051625
TXN00129,200,2928.78,2025-02-09,EUR,Karan,Inactive,2025-03-01,,,,,
TXN00130,134,326.48,2025-06-11,EUR,Isha,Active,2025-03-11,2025-06-11,2025-06-11,2025-06-11,84.15,3.8797385620915033
TXN00131,152,4067.34,2025-03-30,EUR,Vikas,Inactive,2025-03-17,,,,,
TXN00132,166,2583.54,2025-01-08,EUR,Arjun,Active,2025-03-10,2025-01-08,2025-01-08,2025-01-08,84.05,30.738132064247473
TXN00133,165,1203.04,2025-04-08,EUR,Karan,Inactive,2025-02-19,2025-04-08,2025-04-08,2025-04-08,84.13,14.299774159039583
TXN00134,142,3036.58,2025-02-24,EUR,Amit,Inactive,2025-03-20,2025-02-24,2025-02-24,2025-02-24,84.62,35.88489718742614
TXN00135,136,4956.23,2025-05-01,EUR,Anjali,Inactive,2025-01-03,2025-05-01,2025-05-01,2025-05-01,83.55,59.32052663076002
TXN00136,136,2892.87,2025-02-01,EUR,Anjali,Inactive,2025-01-03,,,,,
TXN00137,189,3593.42,2025-02-12,EUR,Yash,Inactive,2025-04-10,2025-02-12,2025-02-12,2025-02-12,84.15,42.70255496137849
TXN00138,158,1323.5,2025-06-23,EUR,Yash,Active,2025-03-07,2025-06-23,2025-06-23,2025-06-23,83.26,15.89598846985347
TXN00139,199,2854.58,2025-04-05,EUR,Aakash,Active,2025-04-17,,,,,
TXN00140,128,4042.95,2025-03-10,EUR,Vikas,Inactive,2025-01-11,2025-03-10,2025-03-10,2025-03-10,83.69,48.30863902497311
TXN00141,174,3932.67,2025-03-04,EUR,Pooja,Active,2025-04-20,2025-03-04,2025-03-04,2025-03-04,84.73,46.414139029859555
TXN00142,177,1910.72,2025-06-03,EUR,Sneha,Inactive,2025-02-14,2025-06-03,2025-06-03,2025-06-03,84.29,22.668406691185194
TXN00143,128,2187.49,2025-06-30,EUR,Vikas,Inactive,2025-01-11,2025-06-30,2025-06-30,2025-06-30,84.71,25.823279423916894
TXN00144,111,129.22,2025-04-11,EUR,Priya,Active,2025-06-12,2025-04-11,2025-04-11,2025-04-11,84.79,1.5240004717537443
TXN00145,190,4592.29,2025-04-19,EUR,Karan,Inactive,2025-03-07,,,,,
TXN00146,140,214.87,2025-05-08,EUR,Amit,Active,2025-04-18,2025-05-08,2025-05-08,2025-05-08,84.02,2.5573672935015472
TXN00147,177,1084.77,2025-04-17,EUR,Sneha,Inactive,2025-02-14,2025-04-17,2025-04-17,2025-04-17,83.05,13.061649608669477
TXN00148,192,693.3,2025-05-30,EUR,Isha,Inactive,2025-06-03,2025-05-30,2025-05-30,2025-05-30,83.63,8.29008728925027
TXN00149,199,2385.29,2025-04-06,EUR,Aakash,Active,2025-04-17,,,,,
TXN00150,142,3271.73,2025-05-18,EUR,Amit,Inactive,2025-03-20,,,,,
TXN00151,118,2520.03,2025-01-23,EUR,Sneha,Active,2025-03-24,2025-01-23,2025-01-23,2025-01-23,83.06,30.339874789308936
TXN00152,148,1663.6,2025-04-23,EUR,Neha,Inactive,2025-02-15,2025-04-23,2025-04-23,2025-04-23,84.96,19.580979284369114
TXN00153,169,1365.06,2025-06-07,EUR,Neha,Active,2025-01-21,,,,,
TXN00154,118,2255.24,2025-03-27,EUR,Sneha,Active,2025-03-24,2025-03-27,2025-03-27,2025-03-27,84.95,26.547851677457324
TXN00155,166,2431.47,2025-06-01,EUR,Arjun,Active,2025-03-10,,,,,
TXN00156,162,321.39,2025-04-09,EUR,Karan,Active,2025-06-23,2025-04-09,2025-04-09,2025-04-09,84.97,3.7823937860421326
TXN00157,109,2762.54,2025-01-18,EUR,Aakash,Active,2025-01-19,,,,,
TXN00158,108,641.1,2025-05-15,EUR,Isha,Inactive,2025-05-18,2025-05-15,2025-05-15,2025-05-15,83.8,7.650357995226731
TXN00159,183,3540.77,2025-04-15,EUR,Nisha,Active,2025-01-11,2025-04-15,2025-04-15,2025-04-15,83.01,42.65474039272377
TXN00160,121,2045.96,2025-05-30,EUR,Manav,Active,2025-06-20,2025-05-30,2025-05-30,2025-05-30,83.63,24.46442664115748
TXN00161,142,3433.6,2025-01-16,EUR,Amit,Inactive,2025-03-20,2025-01-16,2025-01-16,2025-01-16,83.1,41.31889290012034
TXN00162,115,383.52,2025-05-17,EUR,Kriti,Active,2025-02-20,,,,,
TXN00163,128,649.59,2025-03-03,EUR,Vikas,Inactive,2025-01-11,2025-03-03,2025-03-03,2025-03-03,84.38,7.698388243659636
TXN00164,110,2349.75,2025-01-08,EUR,Karan,Inactive,2025-03-22,2025-01-08,2025-01-08,2025-01-08,84.05,27.95657346817371
TXN00165,150,3376.45,2025-06-03,EUR,Anjali,Active,2025-04-28,2025-06-03,2025-06-03,2025-06-03,84.29,40.05753944714675
TXN00166,119,1560.0,2025-06-04,EUR,Karan,Inactive,2025-01-05,2025-06-04,2025-06-04,2025-06-04,84.9,18.374558303886925
TXN00167,180,460.46,2025-03-01,EUR,Rahul,Active,2025-05-26,,,,,
TXN00168,174,3029.2,2025-03-24,EUR,Pooja,Active,2025-04-20,2025-03-24,2025-03-24,2025-03-24,83.52,36.269157088122604
TXN00169,171,1397.25,2025-03-01,EUR,Pooja,Inactive,2025-03-06,,,,,
TXN00170,142,3071.88,2025-01-11,EUR,Amit,Inactive,2025-03-20,,,,,
TXN00171,116,2858.76,2025-02-02,EUR,Rohan,Active,2025-01-11,,,,,
TXN00172,163,2831.13,2025-01-28,EUR,Rahul,Active,2025-03-21,2025-01-28,2025-01-28,2025-01-28,84.34,33.56805786103865
TXN00173,162,2421.38,2025-04-12,EUR,Karan,Active,2025-06-23,,,,,
TXN00174,147,2788.15,2025-04-25,EUR,Nisha,Active,2025-06-15,2025-04-25,2025-04-25,2025-04-25,84.26,33.08984096843105
TXN00175,142,2155.31,2025-03-24,EUR,Amit,Inactive,2025-03-20,2025-03-24,2025-03-24,2025-03-24,83.52,25.805914750957854
TXN00176,162,2300.23,2025-01-31,EUR,Karan,Active,2025-06-23,2025-01-31,2025-01-31,2025-01-31,84.98,27.067898329018593
TXN00177,131,143.02,2025-04-02,EUR,Vikas,Active,2025-02-02,2025-04-02,2025-04-02,2025-04-02,84.56,1.6913434247871335
TXN00178,138,3108.67,2025-02-28,EUR,Vikas,Active,2025-05-24,2025-02-28,2025-02-28,2025-02-28,83.5,37.22958083832335
TXN00179,172,4394.93,2025-01-27,EUR,Yash,Active,2025-06-05,2025-01-27,2025-01-27,2025-01-27,84.07,52.27703104555728
TXN00180,181,188.39,2025-05-18,EUR,Rahul,Active,2025-05-21,,,,,
TXN00181,145,4932.89,2025-04-21,EUR,Isha,Active,2025-03-04,2025-04-21,2025-04-21,2025-04-21,83.42,59.133181491249104
TXN00182,121,2672.1,2025-02-19,EUR,Manav,Active,2025-06-20,2025-02-19,2025-02-19,2025-02-19,84.32,31.689990512333967
TXN00183,181,3066.6,2025-02-04,EUR,Rahul,Active,2025-05-21,2025-02-04,2025-02-04,2025-02-04,84.55,36.26966292134831
TXN00184,114,1256.76,2025-05-29,EUR,Manav,Inactive,2025-04-28,2025-05-29,2025-05-29,2025-05-29,83.21,15.103473140247567
TXN00185,111,4274.39,2025-04-06,EUR,Priya,Active,2025-06-12,,,,,
TXN00186,153,2969.25,2025-06-01,EUR,Arjun,Inactive,2025-04-06,,,,,
TXN00187,145,4078.1,2025-01-07,EUR,Isha,Active,2025-03-04,2025-01-07,2025-01-07,2025-01-07,84.17,48.450754425567304
TXN00188,151,1235.99,2025-03-24,EUR,Kriti,Active,2025-02-09,2025-03-24,2025-03-24,2025-03-24,83.52,14.798730842911878
TXN00189,116,3295.2,2025-04-09,EUR,Rohan,Active,2025-01-11,2025-04-09,2025-04-09,2025-04-09,84.97,38.78074614569848
TXN00190,182,4397.88,2025-06-19,EUR,Amit,Active,2025-06-28,2025-06-19,2025-06-19,2025-06-19,84.56,52.00898770104068
TXN00191,162,1755.04,2025-05-19,EUR,Karan,Active,2025-06-23,2025-05-19,2025-05-19,2025-05-19,84.85,20.68403064230996
TXN00192,146,495.12,2025-05-29,EUR,Nisha,Inactive,2025-06-23,2025-05-29,2025-05-29,2025-05-29,83.21,5.9502463646196375
TXN00193,101,938.03,2025-01-13,EUR,Vikas,Active,2025-05-13,2025-01-13,2025-01-13,2025-01-13,84.02,11.164365627231613
TXN00194,110,4756.38,2025-06-10,EUR,Karan,Inactive,2025-03-22,2025-06-10,2025-06-10,2025-06-10,84.34,56.395304718994545
TXN00195,184,1068.88,2025-05-29,EUR,Meera,Inactive,2025-06-02,2025-05-29,2025-05-29,2025-05-29,83.21,12.845571445739697
TXN00196,159,1291.66,2025-05-09,EUR,Arjun,Active,2025-04-03,2025-05-09,2025-05-09,2025-05-09,83.73,15.426489908037741
TXN00197,195,4232.31,2025-03-29,EUR,Karan,Active,2025-02-09,,,,,
TXN00198,166,4663.14,2025-03-28,EUR,Arjun,Active,2025-03-10,2025-03-28,2025-03-28,2025-03-28,83.78,55.65934590594414
TXN00199,115,3458.16,2025-01-29,EUR,Kriti,Active,2025-02-20,2025-01-29,2025-01-29,2025-01-29,84.37,40.9880289202323
TXN00200,194,1065.45,2025-01-13,EUR,Aakash,Inactive,2025-02-24,2025-01-13,2025-01-13,2025-01-13,84.02,12.680909307307784
TXN00201,172,3795.81,2025-02-19,EUR,Yash,Active,2025-06-05,2025-02-19,2025-02-19,2025-02-19,84.32,45.016722011385205
TXN00202,129,594.49,2025-05-07,EUR,Pooja,Inactive,2025-01-28,2025-05-07,2025-05-07,2025-05-07,84.84,7.007190004714757
TXN00203,179,2342.38,2025-06-04,EUR,Dev,Inactive,2025-03-04,2025-06-04,2025-06-04,2025-06-04,84.9,27.58987043580683
TXN00204,108,3873.7,2025-03-20,EUR,Isha,Inactive,2025-05-18,2025-03-20,2025-03-20,2025-03-20,84.53,45.82633384597184
TXN00205,189,118.38,2025-01-02,EUR,Yash,Inactive,2025-04-10,2025-01-02,2025-01-02,2025-01-02,83.25,1.421981981981982
TXN00206,125,3037.44,2025-06-23,EUR,Ritika,Active,2025-03-08,2025-06-23,2025-06-23,2025-06-23,83.26,36.481383617583475
TXN00207,120,4651.6,2025-06-25,EUR,Amit,Inactive,2025-01-23,2025-06-25,2025-06-25,2025-06-25,84.84,54.82791136256483
TXN00208,121,3592.2,2025-03-09,EUR,Manav,Active,2025-06-20,,,,,
TXN00209,147,829.79,2025-02-09,EUR,Nisha,Active,2025-06-15,,,,,
TXN00210,161,140.18,2025-03-04,EUR,Aakash,Active,2025-01-09,2025-03-04,2025-03-04,2025-03-04,84.73,1.6544317243007198
TXN00211,104,676.36,2025-01-13,EUR,Priya,Active,2025-06-19,2025-01-13,2025-01-13,2025-01-13,84.02,8.049988098071887
TXN00212,170,3667.9,2025-02-17,EUR,Neha,Active,2025-06-28,2025-02-17,2025-02-17,2025-02-17,83.5,43.92694610778443
TXN00213,114,2553.25,2025-06-13,EUR,Manav,Inactive,2025-04-28,2025-06-13,2025-06-13,2025-06-13,84.55,30.198107628622118
TXN00214,197,1484.11,2025-06-07,EUR,Aakash,Active,2025-06-05,,,,,
TXN00215,179,1468.48,2025-01-09,EUR,Dev,Inactive,2025-03-04,2025-01-09,2025-01-09,2025-01-09,84.09,17.46319419669402
TXN00216,160,3578.03,2025-03-08,EUR,Arjun,Active,2025-05-06,,,,,
TXN00217,133,2717.79,2025-05-16,EUR,Meera,Inactive,2025-01-20,2025-05-16,2025-05-16,2025-05-16,83.62,32.50167424061229
TXN00218,126,3520.23,2025-01-10,EUR,Nisha,Inactive,2025-04-28,2025-01-10,2025-01-10,2025-01-10,83.92,41.94744995233556
TXN00219,129,4278.64,2025-06-08,EUR,Pooja,Inactive,2025-01-28,,,,,
TXN00220,153,2249.24,2025-01-18,EUR,Arjun,Inactive,2025-04-06,,,,,
TXN00221,200,1554.45,2025-06-18,EUR,Karan,Inactive,2025-03-01,2025-06-18,2025-06-18,2025-06-18,84.08,18.487749762131305
TXN00222,103,1801.8,2025-03-22,EUR,Aakash,Inactive,2025-06-19,,,,,
TXN00223,198,2629.86,2025-04-14,EUR,Priya,Inactive,2025-06-02,2025-04-14,2025-04-14,2025-04-14,84.69,31.05278072972016
TXN00224,199,2777.59,2025-06-26,EUR,Aakash,Active,2025-04-17,2025-06-26,2025-06-26,2025-06-26,84.48,32.87866950757576
TXN00225,110,418.93,2025-06-05,EUR,Karan,Inactive,2025-03-22,2025-06-05,2025-06-05,2025-06-05,83.11,5.040668992900975
TXN00226,197,78.4,2025-05-03,EUR,Aakash,Active,2025-06-05,,,,,
TXN00227,147,3414.63,2025-03-06,EUR,Nisha,Active,2025-06-15,2025-03-06,2025-03-06,2025-03-06,83.22,41.03136265320836
TXN00228,167,242.35,2025-03-24,EUR,Pooja,Active,2025-01-08,2025-03-24,2025-03-24,2025-03-24,83.52,2.9017001915708813
TXN00229,153,3614.07,2025-03-26,EUR,Arjun,Inactive,2025-04-06,2025-03-26,2025-03-26,2025-03-26,83.51,43.27709256376482
TXN00230,193,2969.7,2025-04-17,EUR,Kriti,Active,2025-06-12,2025-04-17,2025-04-17,2025-04-17,83.05,35.75797712221553
TXN00231,143,4093.07,2025-02-01,EUR,Meera,Inactive,2025-05-22,,,,,
TXN00232,115,1846.49,2025-03-03,EUR,Kriti,Active,2025-02-20,2025-03-03,2025-03-03,2025-03-03,84.38,21.883029153827923
TXN00233,151,1224.01,2025-02-26,EUR,Kriti,Active,2025-02-09,2025-02-26,2025-02-26,2025-02-26,83.93,14.583700702966757
TXN00234,171,2699.94,2025-05-15,EUR,Pooja,Inactive,2025-03-06,2025-05-15,2025-05-15,2025-05-15,83.8,32.218854415274464
TXN00235,102,454.9,2025-06-30,EUR,Dev,Active,2025-01-02,2025-06-30,2025-06-30,2025-06-30,84.71,5.370086176366427
TXN00236,195,4764.41,2025-01-19,EUR,Karan,Active,2025-02-09,,,,,
TXN00237,185,308.71,2025-01-16,EUR,Rahul,Inactive,2025-02-04,2025-01-16,2025-01-16,2025-01-16,83.1,3.7149217809867627
TXN00238,146,4540.12,2025-02-04,EUR,Nisha,Inactive,2025-06-23,2025-02-04,2025-02-04,2025-02-04,84.55,53.69745712596097
TXN00239,177,1412.21,2025-02-22,EUR,Sneha,Inactive,2025-02-14,,,,,
TXN00240,163,4361.61,2025-06-02,EUR,Rahul,Active,2025-03-21,2025-06-02,2025-06-02,2025-06-02,83.58,52.1848528356066
TXN00241,110,445.52,2025-04-04,EUR,Karan,Inactive,2025-03-22,2025-04-04,2025-04-04,2025-04-04,83.52,5.334291187739463
TXN00242,167,447.0,2025-06-05,EUR,Pooja,Active,2025-01-08,2025-06-05,2025-06-05,2025-06-05,83.11,5.378414149921791
TXN00243,168,710.57,2025-03-31,EUR,Sneha,Inactive,2025-06-28,2025-03-31,2025-03-31,2025-03-31,84.07,8.452123230641133
TXN00244,133,1710.61,2025-05-26,EUR,Meera,Inactive,2025-01-20,2025-05-26,2025-05-26,2025-05-26,84.66,20.205646113867232
TXN00245,195,1807.88,2025-04-15,EUR,Karan,Active,2025-02-09,2025-04-15,2025-04-15,2025-04-15,83.01,21.779062763522468
TXN00246,196,3853.82,2025-02-11,EUR,Nisha,Inactive,2025-04-24,2025-02-11,2025-02-11,2025-02-11,83.53,46.13695678199449
TXN00247,200,1408.09,2025-02-02,EUR,Karan,Inactive,2025-03-01,,,,,
TXN00248,104,2941.51,2025-03-26,EUR,Priya,Active,2025-06-19,2025-03-26,2025-03-26,2025-03-26,83.51,35.22344629385702
TXN00249,164,3168.68,2025-03-13,EUR,Dev,Inactive,2025-03-03,2025-03-13,2025-03-13,2025-03-13,84.49,37.50360989466209
TXN00250,130,3293.13,2025-04-09,EUR,Aakash,Inactive,2025-06-17,2025-04-09,2025-04-09,2025-04-09,84.97,38.75638460633165
TXN00251,190,3414.22,2025-05-12,EUR,Karan,Inactive,2025-03-07,2025-05-12,2025-05-12,2025-05-12,84.6,40.35721040189125
TXN00252,151,308.94,2025-01-06,EUR,Kriti,Active,2025-02-09,2025-01-06,2025-01-06,2025-01-06,84.52,3.655229531471841
TXN00253,174,3478.15,2025-01-05,EUR,Pooja,Active,2025-04-20,,,,,
TXN00254,156,3581.76,2025-06-28,EUR,Meera,Active,2025-03-02,,,,,
TXN00255,192,3208.71,2025-06-24,EUR,Isha,Inactive,2025-06-03,2025-06-24,2025-06-24,2025-06-24,83.32,38.51068170907345
TXN00256,151,4637.02,2025-06-19,EUR,Kriti,Active,2025-02-09,2025-06-19,2025-06-19,2025-06-19,84.56,54.83703878902555
TXN00257,155,3273.03,2025-04-30,EUR,Karan,Active,2025-03-28,2025-04-30,2025-04-30,2025-04-30,83.91,39.00643546657133
TXN00258,122,1753.85,2025-05-02,EUR,Rahul,Active,2025-04-30,2025-05-02,2025-05-02,2025-05-02,83.21,21.07739454392501
TXN00259,198,3760.51,2025-04-01,EUR,Priya,Inactive,2025-06-02,2025-04-01,2025-04-01,2025-04-01,83.14,45.23105605003609
TXN00260,139,3589.49,2025-02-17,EUR,Ritika,Active,2025-03-30,2025-02-17,2025-02-17,2025-02-17,83.5,42.987904191616764
TXN00261,142,1552.02,2025-02-15,EUR,Amit,Inactive,2025-03-20,,,,,
TXN00262,192,4584.05,2025-03-04,EUR,Isha,Inactive,2025-06-03,2025-03-04,2025-03-04,2025-03-04,84.73,54.1018529446477
TXN00263,194,3178.55,2025-03-14,EUR,Aakash,Inactive,2025-02-24,2025-03-14,2025-03-14,2025-03-14,83.25,38.180780780780786
TXN00264,154,3788.5,2025-03-05,EUR,Rohan,Inactive,2025-04-09,2025-03-05,2025-03-05,2025-03-05,83.34,45.45836333093352
TXN00265,168,452.2,2025-05-27,EUR,Sneha,Inactive,2025-06-28,2025-05-27,2025-05-27,2025-05-27,83.58,5.410385259631491
TXN00266,156,4247.04,2025-03-31,EUR,Meera,Active,2025-03-02,2025-03-31,2025-03-31,2025-03-31,84.07,50.51790174854288
TXN00267,106,43.59,2025-06-27,EUR,Karan,Inactive,2025-03-11,2025-06-27,2025-06-27,2025-06-27,83.32,0.5231637061929909
TXN00268,167,3256.6,2025-04-01,EUR,Pooja,Active,2025-01-08,2025-04-01,2025-04-01,2025-04-01,83.14,39.17007457300938
TXN00269,145,1741.28,2025-05-25,EUR,Isha,Active,2025-03-04,,,,,
TXN00270,151,1472.92,2025-01-17,EUR,Kriti,Active,2025-02-09,2025-01-17,2025-01-17,2025-01-17,84.59,17.412460101666863
TXN00271,186,4876.58,2025-02-13,EUR,Pooja,Inactive,2025-06-26,2025-02-13,2025-02-13,2025-02-13,84.62,57.629165681871896
TXN00272,148,658.23,2025-05-18,EUR,Neha,Inactive,2025-02-15,,,,,
TXN00273,145,4795.69,2025-03-18,EUR,Isha,Active,2025-03-04,2025-03-18,2025-03-18,2025-03-18,84.12,57.010104612458385
TXN00274,134,4806.45,2025-06-20,EUR,Isha,Active,2025-03-11,2025-06-20,2025-06-20,2025-06-20,84.39,56.95520796302879
TXN00275,196,320.22,2025-05-14,EUR,Nisha,Inactive,2025-04-24,2025-05-14,2025-05-14,2025-05-14,84.52,3.78868906767629
TXN00276,140,4294.54,2025-02-12,EUR,Amit,Active,2025-04-18,2025-02-12,2025-02-12,2025-02-12,84.15,51.034343434343434
TXN00277,180,787.0,2025-05-13,EUR,Rahul,Active,2025-05-26,2025-05-13,2025-05-13,2025-05-13,84.5,9.31360946745562
TXN00278,164,4428.97,2025-04-11,EUR,Dev,Inactive,2025-03-03,2025-04-11,2025-04-11,2025-04-11,84.79,52.23457954947517
TXN00279,169,3632.56,2025-01-16,EUR,Neha,Active,2025-01-21,2025-01-16,2025-01-16,2025-01-16,83.1,43.71311672683514
TXN00280,148,4448.13,2025-03-26,EUR,Neha,Inactive,2025-02-15,2025-03-26,2025-03-26,2025-03-26,83.51,53.26463896539337
TXN00281,159,4014.6,2025-01-29,EUR,Arjun,Active,2025-04-03,2025-01-29,2025-01-29,2025-01-29,84.37,47.583264193433685
TXN00282,150,3446.27,2025-04-24,EUR,Anjali,Active,2025-04-28,2025-04-24,2025-04-24,2025-04-24,84.78,40.64956357631517
TXN00283,153,1344.72,2025-04-04,EUR,Arjun,Inactive,2025-04-06,2025-04-04,2025-04-04,2025-04-04,83.52,16.10057471264368
TXN00284,195,2481.51,2025-02-10,EUR,Karan,Active,2025-02-09,2025-02-10,2025-02-10,2025-02-10,84.2,29.47161520190024
TXN00285,187,438.31,2025-03-05,EUR,Ritika,Inactive,2025-05-31,2025-03-05,2025-03-05,2025-03-05,83.34,5.259299256059515
TXN00286,121,2327.26,2025-04-20,EUR,Manav,Active,2025-06-20,,,,,
TXN00287,196,1852.15,2025-01-11,EUR,Nisha,Inactive,2025-04-24,,,,,
TXN00288,188,207.44,2025-01-06,EUR,Amit,Active,2025-03-20,2025-01-06,2025-01-06,2025-01-06,84.52,2.4543303360151443
TXN00289,103,4126.94,2025-03-03,EUR,Aakash,Inactive,2025-06-19,2025-03-03,2025-03-03,2025-03-03,84.38,48.90898317136762
TXN00290,125,1421.83,2025-01-24,EUR,Ritika,Active,2025-03-08,2025-01-24,2025-01-24,2025-01-24,84.06,16.914465857720675
TXN00291,176,4032.3,2025-04-17,EUR,Karan,Active,2025-03-21,2025-04-17,2025-04-17,2025-04-17,83.05,48.5526791089705
TXN00292,184,3541.5,2025-03-19,EUR,Meera,Inactive,2025-06-02,2025-03-19,2025-03-19,2025-03-19,84.86,41.733443318406785
TXN00293,120,3156.15,2025-06-10,EUR,Amit,Inactive,2025-01-23,2025-06-10,2025-06-10,2025-06-10,84.34,37.421745316575766
TXN00294,114,3784.11,2025-05-17,EUR,Manav,Inactive,2025-04-28,,,,,
TXN00295,126,2037.76,2025-06-24,EUR,Nisha,Inactive,2025-04-28,2025-06-24,2025-06-24,2025-06-24,83.32,24.45703312530005
TXN00296,108,4909.39,2025-02-05,EUR,Isha,Inactive,2025-05-18,2025-02-05,2025-02-05,2025-02-05,83.88,58.5287315212208
TXN00297,180,763.8,2025-06-23,EUR,Rahul,Active,2025-05-26,2025-06-23,2025-06-23,2025-06-23,83.26,9.17367283209224
TXN00298,115,3345.85,2025-03-16,EUR,Kriti,Active,2025-02-20,,,,,
TXN00299,130,2441.58,2025-04-29,EUR,Aakash,Inactive,2025-06-17,2025-04-29,2025-04-29,2025-04-29,84.03,29.05605141021064
TXN00300,153,776.66,2025-04-12,EUR,Arjun,Inactive,2025-04-06,,,,,
TXN00301,158,1083.52,2025-02-21,EUR,Yash,Active,2025-03-07,2025-02-21,2025-02-21,2025-02-21,83.67,12.949922313852037
TXN00302,200,368.15,2025-06-12,EUR,Karan,Inactive,2025-03-01,2025-06-12,2025-06-12,2025-06-12,84.97,4.332705660821466
TXN00303,101,1889.37,2025-03-25,EUR,Vikas,Active,2025-05-13,2025-03-25,2025-03-25,2025-03-25,83.29,22.68423580261736
TXN00304,186,2105.77,2025-02-12,EUR,Pooja,Inactive,2025-06-26,2025-02-12,2025-02-12,2025-02-12,84.15,25.024004753416516
TXN00305,157,1143.58,2025-02-01,EUR,Arjun,Active,2025-05-21,,,,,
TXN00306,104,3200.03,2025-01-21,EUR,Priya,Active,2025-06-19,2025-01-21,2025-01-21,2025-01-21,84.12,38.04125059438897
TXN00307,172,1823.86,2025-06-08,EUR,Yash,Active,2025-06-05,,,,,
TXN00308,170,3688.91,2025-06-26,EUR,Neha,Active,2025-06-28,2025-06-26,2025-06-26,2025-06-26,84.48,43.666074810606055
TXN00309,156,3847.83,2025-06-25,EUR,Meera,Active,2025-03-02,2025-06-25,2025-06-25,2025-06-25,84.84,45.353960396039604
TXN00310,130,4740.71,2025-03-03,EUR,Aakash,Inactive,2025-06-17,2025-03-03,2025-03-03,2025-03-03,84.38,56.18286323773406
TXN00311,197,4300.15,2025-05-01,EUR,Aakash,Active,2025-06-05,2025-05-01,2025-05-01,2025-05-01,83.55,51.46798324356672
TXN00312,139,3809.63,2025-01-04,EUR,Ritika,Active,2025-03-30,,,,,
TXN00313,122,2113.25,2025-03-04,EUR,Rahul,Active,2025-04-30,2025-03-04,2025-03-04,2025-03-04,84.73,24.940989023958455
TXN00314,165,3024.34,2025-04-18,EUR,Karan,Inactive,2025-02-19,2025-04-18,2025-04-18,2025-04-18,83.41,36.25872197578229
TXN00315,152,2754.84,2025-02-24,EUR,Vikas,Inactive,2025-03-17,2025-02-24,2025-02-24,2025-02-24,84.62,32.55542424958639
TXN00316,191,1179.32,2025-06-07,EUR,Rohan,Inactive,2025-02-15,,,,,
TXN00317,187,4552.96,2025-03-18,EUR,Ritika,Inactive,2025-05-31,2025-03-18,2025-03-18,2025-03-18,84.12,54.1245839277223
TXN00318,151,141.65,2025-05-31,EUR,Kriti,Active,2025-02-09,,,,,
TXN00319,118,158.57,2025-03-19,EUR,Sneha,Active,2025-03-24,2025-03-19,2025-03-19,2025-03-19,84.86,1.8686071176054677
TXN00320,103,1529.14,2025-04-27,EUR,Aakash,Inactive,2025-06-19,,,,,
TXN00321,156,1044.26,2025-05-31,EUR,Meera,Active,2025-03-02,,,,,
TXN00322,103,2816.6,2025-05-26,EUR,Aakash,Inactive,2025-06-19,2025-05-26,2025-05-26,2025-05-26,84.66,33.26954878336877
TXN00323,155,4661.08,2025-02-16,EUR,Karan,Active,2025-03-28,,,,,
TXN00324,121,4571.41,2025-05-24,EUR,Manav,Active,2025-06-20,,,,,
TXN00325,185,4731.33,2025-02-08,EUR,Rahul,Inactive,2025-02-04,,,,,
TXN00326,174,3084.55,2025-05-29,EUR,Pooja,Active,2025-04-20,2025-05-29,2025-05-29,2025-05-29,83.21,37.069462804951335
TXN00327,122,1930.62,2025-02-11,EUR,Rahul,Active,2025-04-30,2025-02-11,2025-02-11,2025-02-11,83.53,23.112893571172034
TXN00328,154,3093.62,2025-02-26,EUR,Rohan,Inactive,2025-04-09,2025-02-26,2025-02-26,2025-02-26,83.93,36.85952579530561
TXN00329,143,2700.42,2025-05-15,EUR,Meera,Inactive,2025-05-22,2025-05-15,2025-05-15,2025-05-15,83.8,32.22458233890215
TXN00330,169,2838.09,2025-04-10,EUR,Neha,Active,2025-01-21,2025-04-10,2025-04-10,2025-04-10,84.34,33.650580981740575
TXN00331,121,3471.15,2025-05-04,EUR,Manav,Active,2025-06-20,,,,,
TXN00332,183,658.09,2025-03-14,EUR,Nisha,Active,2025-01-11,2025-03-14,2025-03-14,2025-03-14,83.25,7.904984984984986
TXN00333,147,4645.32,2025-05-09,EUR,Nisha,Active,2025-06-15,2025-05-09,2025-05-09,2025-05-09,83.73,55.47975635972769
TXN00334,110,4314.6,2025-05-04,EUR,Karan,Inactive,2025-03-22,,,,,
TXN00335,132,4561.49,2025-06-14,EUR,Amit,Inactive,2025-04-26,,,,,
TXN00336,172,2145.49,2025-06-30,EUR,Yash,Active,2025-06-05,2025-06-30,2025-06-30,2025-06-30,84.71,25.327470192421202
TXN00337,133,4254.12,2025-05-28,EUR,Meera,Inactive,2025-01-20,2025-05-28,2025-05-28,2025-05-28,83.23,51.11281989667187
TXN00338,159,4739.6,2025-01-17,EUR,Arjun,Active,2025-04-03,2025-01-17,2025-01-17,2025-01-17,84.59,56.03026362454191
TXN00339,192,3545.13,2025-06-15,EUR,Isha,Inactive,2025-06-03,,,,,
TXN00340,181,1734.06,2025-04-08,EUR,Rahul,Active,2025-05-21,2025-04-08,2025-04-08,2025-04-08,84.13,20.61167241174373
TXN00341,113,2082.13,2025-03-17,EUR,Meera,Active,2025-04-29,2025-03-17,2025-03-17,2025-03-17,83.25,25.01057057057057
TXN00342,150,2011.36,2025-03-31,EUR,Anjali,Active,2025-04-28,2025-03-31,2025-03-31,2025-03-31,84.07,23.92482455096943
TXN00343,106,3865.69,2025-06-22,EUR,Karan,Inactive,2025-03-11,,,,,
TXN00344,141,217.71,2025-05-09,EUR,Ritika,Active,2025-05-02,2025-05-09,2025-05-09,2025-05-09,83.73,2.6001433178072375
TXN00345,113,807.35,2025-02-28,EUR,Meera,Active,2025-04-29,2025-02-28,2025-02-28,2025-02-28,83.5,9.668862275449102
TXN00346,112,4369.78,2025-05-19,EUR,Rahul,Active,2025-03-25,2025-05-19,2025-05-19,2025-05-19,84.85,51.50005892751915
TXN00347,131,1816.23,2025-04-27,EUR,Vikas,Active,2025-02-02,,,,,
TXN00348,192,2305.36,2025-06-13,EUR,Isha,Inactive,2025-06-03,2025-06-13,2025-06-13,2025-06-13,84.55,27.266232998225906
TXN00349,117,4552.13,2025-06-18,EUR,Nisha,Inactive,2025-05-25,2025-06-18,2025-06-18,2025-06-18,84.08,54.14046146527117
TXN00350,119,3395.14,2025-02-01,EUR,Karan,Inactive,2025-01-05,,,,,
TXN00351,143,1465.35,2025-01-12,EUR,Meera,Inactive,2025-05-22,,,,,
TXN00352,148,4974.86,2025-04-24,EUR,Neha,Inactive,2025-02-15,2025-04-24,2025-04-24,2025-04-24,84.78,58.67964142486435
TXN00353,141,1731.75,2025-01-20,EUR,Ritika,Active,2025-05-02,2025-01-20,2025-01-20,2025-01-20,83.33,20.78183127325093
TXN00354,195,3689.06,2025-02-20,EUR,Karan,Active,2025-02-09,2025-02-20,2025-02-20,2025-02-20,84.33,43.74552353847978
TXN00355,108,3022.65,2025-05-29,EUR,Isha,Inactive,2025-05-18,2025-05-29,2025-05-29,2025-05-29,83.21,36.32556183151064
TXN00356,108,1655.95,2025-06-16,EUR,Isha,Inactive,2025-05-18,2025-06-16,2025-06-16,2025-06-16,83.79,19.763098221744837
TXN00357,200,2284.32,2025-05-23,EUR,Karan,Inactive,2025-03-01,2025-05-23,2025-05-23,2025-05-23,84.36,27.07823613086771
TXN00358,164,3737.82,2025-01-04,EUR,Dev,Inactive,2025-03-03,,,,,
TXN00359,151,1837.85,2025-06-11,EUR,Kriti,Active,2025-02-09,2025-06-11,2025-06-11,2025-06-11,84.15,21.84016636957813
TXN00360,189,3004.53,2025-04-27,EUR,Yash,Inactive,2025-04-10,,,,,
TXN00361,172,747.54,2025-05-30,EUR,Yash,Active,2025-06-05,2025-05-30,2025-05-30,2025-05-30,83.63,8.938658376180797
TXN00362,120,3676.0,2025-02-18,EUR,Amit,Inactive,2025-01-23,2025-02-18,2025-02-18,2025-02-18,84.77,43.364397782234285
TXN00363,154,3461.59,2025-02-20,EUR,Rohan,Inactive,2025-04-09,2025-02-20,2025-02-20,2025-02-20,84.33,41.04814419542274
TXN00364,134,4236.92,2025-04-02,EUR,Isha,Active,2025-03-11,2025-04-02,2025-04-02,2025-04-02,84.56,50.10548722800378
TXN00365,146,547.16,2025-04-27,EUR,Nisha,Inactive,2025-06-23,,,,,
TXN00366,141,4081.84,2025-01-01,EUR,Ritika,Active,2025-05-02,2025-01-01,2025-01-01,2025-01-01,83.68,48.7791586998088
TXN00367,145,70.48,2025-04-08,EUR,Isha,Active,2025-03-04,2025-04-08,2025-04-08,2025-04-08,84.13,0.8377510994888864
TXN00368,145,813.15,2025-05-19,EUR,Isha,Active,2025-03-04,2025-05-19,2025-05-19,2025-05-19,84.85,9.583382439599292
TXN00369,169,1609.78,2025-03-01,EUR,Neha,Active,2025-01-21,,,,,
TXN00370,126,4565.56,2025-02-17,EUR,Nisha,Inactive,2025-04-28,2025-02-17,2025-02-17,2025-02-17,83.5,54.677365269461085
TXN00371,151,1965.04,2025-02-01,EUR,Kriti,Active,2025-02-09,,,,,
TXN00372,178,2646.76,2025-05-29,EUR,Vikas,Active,2025-05-10,2025-05-29,2025-05-29,2025-05-29,83.21,31.80819613027281
TXN00373,194,4371.85,2025-06-20,EUR,Aakash,Inactive,2025-02-24,2025-06-20,2025-06-20,2025-06-20,84.39,51.80530868586326
TXN00374,105,2994.59,2025-01-04,EUR,Amit,Active,2025-05-05,,,,,
TXN00375,142,1784.41,2025-04-30,EUR,Amit,Inactive,2025-03-20,2025-04-30,2025-04-30,2025-04-30,83.91,21.26576093433441
TXN00376,109,1513.39,2025-05-27,EUR,Aakash,Active,2025-01-19,2025-05-27,2025-05-27,2025-05-27,83.58,18.107083034218714
TXN00377,111,1896.35,2025-06-20,EUR,Priya,Active,2025-06-12,2025-06-20,2025-06-20,2025-06-20,84.39,22.47126436781609
TXN00378,192,45.53,2025-05-21,EUR,Isha,Inactive,2025-06-03,2025-05-21,2025-05-21,2025-05-21,84.58,0.5383069283518562
TXN00379,200,28.15,2025-04-12,EUR,Karan,Inactive,2025-03-01,,,,,
TXN00380,196,2943.04,2025-04-02,EUR,Nisha,Inactive,2025-04-24,2025-04-02,2025-04-02,2025-04-02,84.56,34.804162724692524
TXN00381,192,4590.74,2025-03-10,EUR,Isha,Inactive,2025-06-03,2025-03-10,2025-03-10,2025-03-10,83.69,54.85410443302664
TXN00382,128,1042.19,2025-01-17,EUR,Vikas,Inactive,2025-01-11,2025-01-17,2025-01-17,2025-01-17,84.59,12.320487055207472
TXN00383,101,1266.6,2025-04-12,EUR,Vikas,Active,2025-05-13,,,,,
TXN00384,200,1027.25,2025-02-20,EUR,Karan,Inactive,2025-03-01,2025-02-20,2025-02-20,2025-02-20,84.33,12.181311514289103
TXN00385,143,1608.11,2025-04-11,EUR,Meera,Inactive,2025-05-22,2025-04-11,2025-04-11,2025-04-11,84.79,18.96579785352046
TXN00386,195,2447.47,2025-03-03,EUR,Karan,Active,2025-02-09,2025-03-03,2025-03-03,2025-03-03,84.38,29.00533301730268
TXN00387,155,264.12,2025-03-13,EUR,Karan,Active,2025-03-28,2025-03-13,2025-03-13,2025-03-13,84.49,3.1260504201680677
TXN00388,131,1946.85,2025-03-16,EUR,Vikas,Active,2025-02-02,,,,,
TXN00389,109,4290.41,2025-04-14,EUR,Aakash,Active,2025-01-19,2025-04-14,2025-04-14,2025-04-14,84.69,50.66017239343488
TXN00390,106,1165.66,2025-02-20,EUR,Karan,Inactive,2025-03-11,2025-02-20,2025-02-20,2025-02-20,84.33,13.822601683861024
TXN00391,101,715.16,2025-06-13,EUR,Vikas,Active,2025-05-13,2025-06-13,2025-06-13,2025-06-13,84.55,8.458426966292135
TXN00392,140,4356.71,2025-06-15,EUR,Amit,Active,2025-04-18,,,,,
TXN00393,184,1680.62,2025-01-12,EUR,Meera,Inactive,2025-06-02,,,,,
TXN00394,134,274.56,2025-04-09,EUR,Isha,Active,2025-03-11,2025-04-09,2025-04-09,2025-04-09,84.97,3.2312580910909734
TXN00395,155,948.18,2025-02-06,EUR,Karan,Active,2025-03-28,2025-02-06,2025-02-06,2025-02-06,84.62,11.205152446230205
TXN00396,112,4393.39,2025-02-03,EUR,Rahul,Active,2025-03-25,2025-02-03,2025-02-03,2025-02-03,83.93,52.34588347432384
TXN00397,172,3566.57,2025-04-13,EUR,Yash,Active,2025-06-05,,,,,
TXN00398,176,921.09,2025-06-29,EUR,Karan,Active,2025-03-21,,,,,
TXN00399,132,1899.98,2025-03-18,EUR,Amit,Inactive,2025-04-26,2025-03-18,2025-03-18,2025-03-18,84.12,22.58654303376129
TXN00400,127,4002.97,2025-04-09,EUR,Isha,Inactive,2025-04-05,2025-04-09,2025-04-09,2025-04-09,84.97,47.11039190302459
TXN00401,140,1288.41,2025-01-27,EUR,Amit,Active,2025-04-18,2025-01-27,2025-01-27,2025-01-27,84.07,15.325443083145
TXN00402,126,3511.2,2025-02-15,EUR,Nisha,Inactive,2025-04-28,,,,,
TXN00403,194,318.25,2025-04-13,EUR,Aakash,Inactive,2025-02-24,,,,,
TXN00404,127,4228.26,2025-03-28,EUR,Isha,Inactive,2025-04-05,2025-03-28,2025-03-28,2025-03-28,83.78,50.46860825972786
TXN00405,104,2828.62,2025-03-23,EUR,Priya,Active,2025-06-19,,,,,
TXN00406,193,783.17,2025-03-21,EUR,Kriti,Active,2025-06-12,2025-03-21,2025-03-21,2025-03-21,84.13,9.309045524783073
TXN00407,180,3974.18,2025-04-20,EUR,Rahul,Active,2025-05-26,,,,,
TXN00408,120,592.54,2025-05-20,EUR,Amit,Inactive,2025-01-23,2025-05-20,2025-05-20,2025-05-20,83.33,7.110764430577222
TXN00409,144,643.5,2025-05-27,EUR,Yash,Active,2025-03-26,2025-05-27,2025-05-27,2025-05-27,83.58,7.699210337401293
TXN00410,126,2731.35,2025-06-23,EUR,Nisha,Inactive,2025-04-28,2025-06-23,2025-06-23,2025-06-23,83.26,32.80506846024501
TXN00411,109,4479.81,2025-05-12,EUR,Aakash,Active,2025-01-19,2025-05-12,2025-05-12,2025-05-12,84.6,52.95283687943263
TXN00412,160,4076.05,2025-02-06,EUR,Arjun,Active,2025-05-06,2025-02-06,2025-02-06,2025-02-06,84.62,48.16887260694871
TXN00413,130,2478.6,2025-06-17,EUR,Aakash,Inactive,2025-06-17,2025-06-17,2025-06-17,2025-06-17,83.95,29.524717093508038
TXN00414,187,87.61,2025-05-22,EUR,Ritika,Inactive,2025-05-31,2025-05-22,2025-05-22,2025-05-22,83.64,1.0474653275944523
TXN00415,150,1865.86,2025-01-05,EUR,Anjali,Active,2025-04-28,,,,,
TXN00416,187,4511.81,2025-06-09,EUR,Ritika,Inactive,2025-05-31,2025-06-09,2025-06-09,2025-06-09,83.38,54.11141760614057
TXN00417,131,1950.36,2025-02-01,EUR,Vikas,Active,2025-02-02,,,,,
TXN00418,128,1015.87,2025-06-09,EUR,Vikas,Inactive,2025-01-11,2025-06-09,2025-06-09,2025-06-09,83.38,12.183617174382347
TXN00419,142,4247.29,2025-03-26,EUR,Amit,Inactive,2025-03-20,2025-03-26,2025-03-26,2025-03-26,83.51,50.859657526044785
TXN00420,103,4836.99,2025-02-18,EUR,Aakash,Inactive,2025-06-19,2025-02-18,2025-02-18,2025-02-18,84.77,57.06016279344107
TXN00421,193,3718.82,2025-03-06,EUR,Kriti,Active,2025-06-12,2025-03-06,2025-03-06,2025-03-06,83.22,44.68661379476088
TXN00422,127,2325.03,2025-02-14,EUR,Isha,Inactive,2025-04-05,2025-02-14,2025-02-14,2025-02-14,83.57,27.82134737345938
TXN00423,109,3753.11,2025-02-26,EUR,Aakash,Active,2025-01-19,2025-02-26,2025-02-26,2025-02-26,83.93,44.71714524008102
TXN00424,197,2728.0,2025-02-05,EUR,Aakash,Active,2025-06-05,2025-02-05,2025-02-05,2025-02-05,83.88,32.52265140677158
TXN00425,196,3168.61,2025-03-16,EUR,Nisha,Inactive,2025-04-24,,,,,
TXN00426,123,2241.36,2025-03-27,EUR,Manav,Active,2025-06-21,2025-03-27,2025-03-27,2025-03-27,84.95,26.384461447910535
TXN00427,175,554.97,2025-05-01,EUR,Isha,Inactive,2025-03-23,2025-05-01,2025-05-01,2025-05-01,83.55,6.642369838420108
TXN00428,129,4697.49,2025-05-18,EUR,Pooja,Inactive,2025-01-28,,,,,
TXN00429,157,2522.28,2025-05-25,EUR,Arjun,Active,2025-05-21,,,,,
TXN00430,150,3850.0,2025-03-15,EUR,Anjali,Active,2025-04-28,,,,,
TXN00431,199,3942.53,2025-05-29,EUR,Aakash,Active,2025-04-17,2025-05-29,2025-05-29,2025-05-29,83.21,47.38048311501022
TXN00432,192,2589.8,2025-04-01,EUR,Isha,Inactive,2025-06-03,2025-04-01,2025-04-01,2025-04-01,83.14,31.149867693047874
TXN00433,116,1379.38,2025-05-07,EUR,Rohan,Active,2025-01-11,2025-05-07,2025-05-07,2025-05-07,84.84,16.25860443187176
TXN00434,121,2140.08,2025-06-04,EUR,Manav,Active,2025-06-20,2025-06-04,2025-06-04,2025-06-04,84.9,25.207067137809183
TXN00435,169,1512.82,2025-04-09,EUR,Neha,Active,2025-01-21,2025-04-09,2025-04-09,2025-04-09,84.97,17.804166176297517
TXN00436,177,4452.43,2025-06-27,EUR,Sneha,Inactive,2025-02-14,2025-06-27,2025-06-27,2025-06-27,83.32,53.437710033605384
TXN00437,113,3940.77,2025-05-31,EUR,Meera,Active,2025-04-29,,,,,
TXN00438,120,3050.5,2025-05-05,EUR,Amit,Inactive,2025-01-23,2025-05-05,2025-05-05,2025-05-05,84.3,36.18623962040332
TXN00439,166,95.19,2025-03-13,EUR,Arjun,Active,2025-03-10,2025-03-13,2025-03-13,2025-03-13,84.49,1.126642206178246
TXN00440,122,3007.04,2025-01-29,EUR,Rahul,Active,2025-04-30,2025-01-29,2025-01-29,2025-01-29,84.37,35.641104658053806
TXN00441,179,458.12,2025-06-07,EUR,Dev,Inactive,2025-03-04,,,,,
TXN00442,200,3307.16,2025-01-13,EUR,Karan,Inactive,2025-03-01,2025-01-13,2025-01-13,2025-01-13,84.02,39.36158057605332
TXN00443,133,4502.48,2025-04-03,EUR,Meera,Inactive,2025-01-20,2025-04-03,2025-04-03,2025-04-03,84.55,53.252276759314014
TXN00444,165,46.3,2025-01-10,EUR,Karan,Inactive,2025-02-19,2025-01-10,2025-01-10,2025-01-10,83.92,0.5517159199237368
TXN00445,189,3868.07,2025-05-06,EUR,Yash,Inactive,2025-04-10,2025-05-06,2025-05-06,2025-05-06,84.84,45.59252710985384
TXN00446,140,1936.37,2025-03-26,EUR,Amit,Active,2025-04-18,2025-03-26,2025-03-26,2025-03-26,83.51,23.187282960124534
TXN00447,115,3932.97,2025-01-08,EUR,Kriti,Active,2025-02-20,2025-01-08,2025-01-08,2025-01-08,84.05,46.79321832242712
TXN00448,167,142.08,2025-01-22,EUR,Pooja,Active,2025-01-08,2025-01-22,2025-01-22,2025-01-22,84.89,1.6736953704794442
TXN00449,168,968.79,2025-04-05,EUR,Sneha,Inactive,2025-06-28,,,,,
TXN00450,171,4673.63,2025-05-17,EUR,Pooja,Inactive,2025-03-06,,,,,
TXN00451,176,4379.57,2025-05-28,EUR,Karan,Active,2025-03-21,2025-05-28,2025-05-28,2025-05-28,83.23,52.620088910248704
TXN00452,110,2546.55,2025-04-12,EUR,Karan,Inactive,2025-03-22,,,,,
TXN00453,184,1838.98,2025-05-24,EUR,Meera,Inactive,2025-06-02,,,,,
TXN00454,157,1108.71,2025-04-27,EUR,Arjun,Active,2025-05-21,,,,,
TXN00455,183,4303.64,2025-01-25,EUR,Nisha,Active,2025-01-11,,,,,
TXN00456,127,3833.76,2025-02-08,EUR,Isha,Inactive,2025-04-05,,,,,
TXN00457,127,1001.05,2025-03-14,EUR,Isha,Inactive,2025-04-05,2025-03-14,2025-03-14,2025-03-14,83.25,12.024624624624623
TXN00458,135,4076.63,2025-05-06,EUR,Rahul,Active,2025-03-17,2025-05-06,2025-05-06,2025-05-06,84.84,48.0508015087223
TXN00459,196,3911.85,2025-03-20,EUR,Nisha,Inactive,2025-04-24,2025-03-20,2025-03-20,2025-03-20,84.53,46.277652904294335
TXN00460,157,285.1,2025-03-06,EUR,Arjun,Active,2025-05-21,2025-03-06,2025-03-06,2025-03-06,83.22,3.425859168469118
TXN00461,193,1692.08,2025-03-03,EUR,Kriti,Active,2025-06-12,2025-03-03,2025-03-03,2025-03-03,84.38,20.053093150035554
TXN00462,195,2109.62,2025-03-27,EUR,Karan,Active,2025-02-09,2025-03-27,2025-03-27,2025-03-27,84.95,24.833666862860504
TXN00463,120,631.54,2025-03-21,EUR,Amit,Inactive,2025-01-23,2025-03-21,2025-03-21,2025-03-21,84.13,7.506715796980863
TXN00464,119,296.77,2025-02-07,EUR,Karan,Inactive,2025-01-05,2025-02-07,2025-02-07,2025-02-07,84.17,3.52584056076987
TXN00465,178,2712.67,2025-04-01,EUR,Vikas,Active,2025-05-10,2025-04-01,2025-04-01,2025-04-01,83.14,32.62773634832812
TXN00466,169,4196.44,2025-02-15,EUR,Neha,Active,2025-01-21,,,,,
TXN00467,142,677.37,2025-02-06,EUR,Amit,Inactive,2025-03-20,2025-02-06,2025-02-06,2025-02-06,84.62,8.00484519026235
TXN00468,128,1707.57,2025-05-17,EUR,Vikas,Inactive,2025-01-11,,,,,
TXN00469,182,3582.91,2025-04-18,EUR,Amit,Active,2025-06-28,2025-04-18,2025-04-18,2025-04-18,83.41,42.95540103105143
TXN00470,142,4525.08,2025-06-26,EUR,Amit,Inactive,2025-03-20,2025-06-26,2025-06-26,2025-06-26,84.48,53.56392045454545
TXN00471,109,1155.69,2025-01-15,EUR,Aakash,Active,2025-01-19,2025-01-15,2025-01-15,2025-01-15,84.52,13.673568386180786
TXN00472,136,540.46,2025-06-24,EUR,Anjali,Inactive,2025-01-03,2025-06-24,2025-06-24,2025-06-24,83.32,6.486557849255882
TXN00473,121,1641.39,2025-02-02,EUR,Manav,Active,2025-06-20,,,,,
TXN00474,127,4034.69,2025-01-21,EUR,Isha,Inactive,2025-04-05,2025-01-21,2025-01-21,2025-01-21,84.12,47.96350451735616
TXN00475,169,1503.65,2025-02-26,EUR,Neha,Active,2025-01-21,2025-02-26,2025-02-26,2025-02-26,83.93,17.915524842130345
TXN00476,146,1558.91,2025-03-28,EUR,Nisha,Inactive,2025-06-23,2025-03-28,2025-03-28,2025-03-28,83.78,18.607185485796133
TXN00477,113,2604.33,2025-03-02,EUR,Meera,Active,2025-04-29,,,,,
TXN00478,118,557.95,2025-06-21,EUR,Sneha,Active,2025-03-24,,,,,
TXN00479,189,2555.62,2025-05-06,EUR,Yash,Inactive,2025-04-10,2025-05-06,2025-05-06,2025-05-06,84.84,30.12281942479962
TXN00480,187,4222.26,2025-03-17,EUR,Ritika,Inactive,2025-05-31,2025-03-17,2025-03-17,2025-03-17,83.25,50.71783783783784
TXN00481,127,204.66,2025-02-27,EUR,Isha,Inactive,2025-04-05,2025-02-27,2025-02-27,2025-02-27,84.03,2.435558729025348
TXN00482,119,1754.96,2025-02-02,EUR,Karan,Inactive,2025-01-05,,,,,
TXN00483,178,4804.51,2025-03-14,EUR,Vikas,Active,2025-05-10,2025-03-14,2025-03-14,2025-03-14,83.25,57.71183183183184
TXN00484,145,4335.1,2025-02-23,EUR,Isha,Active,2025-03-04,,,,,
TXN00485,176,3454.41,2025-04-14,EUR,Karan,Active,2025-03-21,2025-04-14,2025-04-14,2025-04-14,84.69,40.788877081119374
TXN00486,196,2772.89,2025-01-19,EUR,Nisha,Inactive,2025-04-24,,,,,
TXN00487,140,733.28,2025-03-25,EUR,Amit,Active,2025-04-18,2025-03-25,2025-03-25,2025-03-25,83.29,8.803938047784847
TXN00488,124,2501.3,2025-04-01,EUR,Meera,Inactive,2025-01-29,2025-04-01,2025-04-01,2025-04-01,83.14,30.08539812364686
TXN00489,136,3118.56,2025-03-31,EUR,Anjali,Inactive,2025-01-03,2025-03-31,2025-03-31,2025-03-31,84.07,37.094801950755325
TXN00490,188,2470.64,2025-03-29,EUR,Amit,Active,2025-03-20,,,,,
TXN00491,128,1111.24,2025-05-01,EUR,Vikas,Inactive,2025-01-11,2025-05-01,2025-05-01,2025-05-01,83.55,13.300299222022742
TXN00492,199,2450.88,2025-03-06,EUR,Aakash,Active,2025-04-17,2025-03-06,2025-03-06,2025-03-06,83.22,29.450612833453498
TXN00493,162,1845.11,2025-04-13,EUR,Karan,Active,2025-06-23,,,,,
TXN00494,108,267.07,2025-03-09,EUR,Isha,Inactive,2025-05-18,,,,,
TXN00495,121,1860.65,2025-04-21,EUR,Manav,Active,2025-06-20,2025-04-21,2025-04-21,2025-04-21,83.42,22.304603212658836
TXN00496,107,1764.68,2025-04-30,EUR,Ritika,Inactive,2025-05-18,2025-04-30,2025-04-30,2025-04-30,83.91,21.03062805386724
TXN00497,184,2738.47,2025-02-23,EUR,Meera,Inactive,2025-06-02,,,,,
TXN00498,150,2238.21,2025-06-30,EUR,Anjali,Active,2025-04-28,2025-06-30,2025-06-30,2025-06-30,84.71,26.422028095856454
TXN00499,171,2796.91,2025-03-20,EUR,Pooja,Inactive,2025-03-06,2025-03-20,2025-03-20,2025-03-20,84.53,33.08777948657281
TXN00500,200,2606.08,2025-01-27,EUR,Karan,Inactive,2025-03-01,2025-01-27,2025-01-27,2025-01-27,84.07,30.99892946354229
TXN00501,142,2499.31,2025-04-25,EUR,Amit,Inactive,2025-03-20,2025-04-25,2025-04-25,2025-04-25,84.26,29.661879895561356
TXN00502,163,4161.41,2025-03-21,EUR,Rahul,Active,2025-03-21,2025-03-21,2025-03-21,2025-03-21,84.13,49.46404374182812
TXN00503,157,3362.83,2025-04-19,EUR,Arjun,Active,2025-05-21,,,,,
TXN00504,140,1162.26,2025-01-29,EUR,Amit,Active,2025-04-18,2025-01-29,2025-01-29,2025-01-29,84.37,13.775749674054758
TXN00505,123,150.47,2025-05-31,EUR,Manav,Active,2025-06-21,,,,,
TXN00506,165,1612.15,2025-05-28,EUR,Karan,Inactive,2025-02-19,2025-05-28,2025-05-28,2025-05-28,83.23,19.36981857503304
TXN00507,128,461.02,2025-05-22,EUR,Vikas,Inactive,2025-01-11,2025-05-22,2025-05-22,2025-05-22,83.64,5.51195600191296
TXN00508,148,310.11,2025-01-02,EUR,Neha,Inactive,2025-02-15,2025-01-02,2025-01-02,2025-01-02,83.25,3.725045045045045
TXN00509,186,796.32,2025-05-30,EUR,Pooja,Inactive,2025-06-26,2025-05-30,2025-05-30,2025-05-30,83.63,9.521941886882699
TXN00510,105,3792.09,2025-03-13,EUR,Amit,Active,2025-05-05,2025-03-13,2025-03-13,2025-03-13,84.49,44.8821162267724
TXN00511,182,4649.57,2025-04-07,EUR,Amit,Active,2025-06-28,2025-04-07,2025-04-07,2025-04-07,83.03,55.99867517764663
TXN00512,164,4582.96,2025-03-20,EUR,Dev,Inactive,2025-03-03,2025-03-20,2025-03-20,2025-03-20,84.53,54.216964391340355
TXN00513,154,3820.83,2025-06-03,EUR,Rohan,Inactive,2025-04-09,2025-06-03,2025-06-03,2025-06-03,84.29,45.32957646221378
TXN00514,156,2940.79,2025-06-27,EUR,Meera,Active,2025-03-02,2025-06-27,2025-06-27,2025-06-27,83.32,35.29512722035526
TXN00515,114,521.99,2025-02-06,EUR,Manav,Inactive,2025-04-28,2025-02-06,2025-02-06,2025-02-06,84.62,6.1686362562042065
TXN00516,126,3077.79,2025-01-24,EUR,Nisha,Inactive,2025-04-28,2025-01-24,2025-01-24,2025-01-24,84.06,36.61420413990007
TXN00517,128,340.6,2025-02-26,EUR,Vikas,Inactive,2025-01-11,2025-02-26,2025-02-26,2025-02-26,83.93,4.058143691171214
TXN00518,194,2482.29,2025-03-26,EUR,Aakash,Inactive,2025-02-24,2025-03-26,2025-03-26,2025-03-26,83.51,29.72446413603161
TXN00519,151,1701.41,2025-02-15,EUR,Kriti,Active,2025-02-09,,,,,
TXN00520,182,30.65,2025-05-29,EUR,Amit,Active,2025-06-28,2025-05-29,2025-05-29,2025-05-29,83.21,0.3683451508232184
TXN00521,150,2680.38,2025-05-04,EUR,Anjali,Active,2025-04-28,,,,,
TXN00522,177,1674.44,2025-01-16,EUR,Sneha,Inactive,2025-02-14,2025-01-16,2025-01-16,2025-01-16,83.1,20.149699157641397
TXN00523,156,4890.08,2025-06-10,EUR,Meera,Active,2025-03-02,2025-06-10,2025-06-10,2025-06-10,84.34,57.980554896846094
TXN00524,149,131.57,2025-06-22,EUR,Manav,Active,2025-03-16,,,,,
TXN00525,104,1057.34,2025-06-15,EUR,Priya,Active,2025-06-19,,,,,
TXN00526,185,77.1,2025-03-31,EUR,Rahul,Inactive,2025-02-04,2025-03-31,2025-03-31,2025-03-31,84.07,0.9170928987748305
TXN00527,140,1780.53,2025-01-19,EUR,Amit,Active,2025-04-18,,,,,
TXN00528,199,1082.87,2025-01-18,EUR,Aakash,Active,2025-04-17,,,,,
TXN00529,185,815.45,2025-04-28,EUR,Rahul,Inactive,2025-02-04,2025-04-28,2025-04-28,2025-04-28,83.9,9.719308700834327
TXN00530,143,4047.87,2025-05-27,EUR,Meera,Inactive,2025-05-22,2025-05-27,2025-05-27,2025-05-27,83.58,48.4310839913855
TXN00531,177,2793.0,2025-01-10,EUR,Sneha,Inactive,2025-02-14,2025-01-10,2025-01-10,2025-01-10,83.92,33.28169685414681
TXN00532,170,3348.02,2025-05-18,EUR,Neha,Active,2025-06-28,,,,,
TXN00533,115,2298.13,2025-03-28,EUR,Kriti,Active,2025-02-20,2025-03-28,2025-03-28,2025-03-28,83.78,27.430532346622105
TXN00534,174,683.66,2025-01-30,EUR,Pooja,Active,2025-04-20,2025-01-30,2025-01-30,2025-01-30,83.49,8.188525571924782
TXN00535,165,1023.24,2025-02-04,EUR,Karan,Inactive,2025-02-19,2025-02-04,2025-02-04,2025-02-04,84.55,12.102188054405678
TXN00536,164,2726.82,2025-06-18,EUR,Dev,Inactive,2025-03-03,2025-06-18,2025-06-18,2025-06-18,84.08,32.431255946717414
TXN00537,160,3376.32,2025-01-07,EUR,Arjun,Active,2025-05-06,2025-01-07,2025-01-07,2025-01-07,84.17,40.113104431507665
TXN00538,159,1355.77,2025-03-16,EUR,Arjun,Active,2025-04-03,,,,,
TXN00539,156,2589.16,2025-01-06,EUR,Meera,Active,2025-03-02,2025-01-06,2025-01-06,2025-01-06,84.52,30.63369616658779
TXN00540,161,2523.05,2025-01-15,EUR,Aakash,Active,2025-01-09,2025-01-15,2025-01-15,2025-01-15,84.52,29.85151443445339
TXN00541,107,946.73,2025-05-24,EUR,Ritika,Inactive,2025-05-18,,,,,
TXN00542,179,1477.59,2025-04-17,EUR,Dev,Inactive,2025-03-04,2025-04-17,2025-04-17,2025-04-17,83.05,17.79157134256472
TXN00543,158,1255.32,2025-05-11,EUR,Yash,Active,2025-03-07,,,,,
TXN00544,105,2326.01,2025-01-05,EUR,Amit,Active,2025-05-05,,,,,
TXN00545,169,2071.92,2025-05-28,EUR,Neha,Active,2025-01-21,2025-05-28,2025-05-28,2025-05-28,83.23,24.893908446473628
TXN00546,110,1485.71,2025-03-18,EUR,Karan,Inactive,2025-03-22,2025-03-18,2025-03-18,2025-03-18,84.12,17.661792677127913
TXN00547,160,4855.3,2025-05-06,EUR,Arjun,Active,2025-05-06,2025-05-06,2025-05-06,2025-05-06,84.84,57.22890146157473
TXN00548,149,4072.36,2025-06-13,EUR,Manav,Active,2025-03-16,2025-06-13,2025-06-13,2025-06-13,84.55,48.16510940272029
TXN00549,178,4654.16,2025-06-20,EUR,Vikas,Active,2025-05-10,2025-06-20,2025-06-20,2025-06-20,84.39,55.150610261879365
TXN00550,154,3254.83,2025-06-21,EUR,Rohan,Inactive,2025-04-09,,,,,
TXN00551,173,1846.75,2025-02-13,EUR,Dev,Active,2025-04-19,2025-02-13,2025-02-13,2025-02-13,84.62,21.824036870716142
TXN00552,132,791.79,2025-04-05,EUR,Amit,Inactive,2025-04-26,,,,,
TXN00553,193,2656.75,2025-03-21,EUR,Kriti,Active,2025-06-12,2025-03-21,2025-03-21,2025-03-21,84.13,31.579103767978133
TXN00554,158,898.71,2025-02-08,EUR,Yash,Active,2025-03-07,,,,,
TXN00555,124,3930.11,2025-05-29,EUR,Meera,Inactive,2025-01-29,2025-05-29,2025-05-29,2025-05-29,83.21,47.231222208869134
TXN00556,166,1481.34,2025-01-31,EUR,Arjun,Active,2025-03-10,2025-01-31,2025-01-31,2025-01-31,84.98,17.431630971993407
TXN00557,154,1936.97,2025-06-14,EUR,Rohan,Inactive,2025-04-09,,,,,
TXN00558,161,1384.48,2025-06-22,EUR,Aakash,Active,2025-01-09,,,,,
TXN00559,189,4495.0,2025-04-12,EUR,Yash,Inactive,2025-04-10,,,,,
TXN00560,168,2750.82,2025-02-01,EUR,Sneha,Inactive,2025-06-28,,,,,
TXN00561,135,2010.56,2025-02-28,EUR,Rahul,Active,2025-03-17,2025-02-28,2025-02-28,2025-02-28,83.5,24.078562874251496
TXN00562,118,2318.29,2025-01-28,EUR,Sneha,Active,2025-03-24,2025-01-28,2025-01-28,2025-01-28,84.34,27.487431823571256
TXN00563,179,253.24,2025-01-22,EUR,Dev,Inactive,2025-03-04,2025-01-22,2025-01-22,2025-01-22,84.89,2.983154670750383
TXN00564,143,2919.29,2025-04-01,EUR,Meera,Inactive,2025-05-22,2025-04-01,2025-04-01,2025-04-01,83.14,35.11294202549916
TXN00565,190,2950.51,2025-01-03,EUR,Karan,Inactive,2025-03-07,2025-01-03,2025-01-03,2025-01-03,83.71,35.24680444391352
TXN00566,170,226.35,2025-05-25,EUR,Neha,Active,2025-06-28,,,,,
TXN00567,107,2716.56,2025-04-30,EUR,Ritika,Inactive,2025-05-18,2025-04-30,2025-04-30,2025-04-30,83.91,32.37468716481945
TXN00568,103,2898.41,2025-02-16,EUR,Aakash,Inactive,2025-06-19,,,,,
TXN00569,165,483.2,2025-03-08,EUR,Karan,Inactive,2025-02-19,,,,,
TXN00570,137,4813.29,2025-05-11,EUR,Aakash,Inactive,2025-03-14,,,,,
TXN00571,152,4926.24,2025-06-15,EUR,Vikas,Inactive,2025-03-17,,,,,
TXN00572,131,1515.04,2025-04-02,EUR,Vikas,Active,2025-02-02,2025-04-02,2025-04-02,2025-04-02,84.56,17.91674550614948
TXN00573,181,665.66,2025-02-22,EUR,Rahul,Active,2025-05-21,,,,,
TXN00574,118,2336.79,2025-04-13,EUR,Sneha,Active,2025-03-24,,,,,
TXN00575,119,2653.98,2025-06-22,EUR,Karan,Inactive,2025-01-05,,,,,
TXN00576,192,1008.26,2025-06-18,EUR,Isha,Inactive,2025-06-03,2025-06-18,2025-06-18,2025-06-18,84.08,11.991674595623216
TXN00577,168,368.53,2025-06-30,EUR,Sneha,Inactive,2025-06-28,2025-06-30,2025-06-30,2025-06-30,84.71,4.350489906740645
TXN00578,115,4695.79,2025-01-20,EUR,Kriti,Active,2025-02-20,2025-01-20,2025-01-20,2025-01-20,83.33,56.35173406936278
TXN00579,150,2376.78,2025-03-31,EUR,Anjali,Active,2025-04-28,2025-03-31,2025-03-31,2025-03-31,84.07,28.271440466278108
TXN00580,143,1525.14,2025-06-11,EUR,Meera,Inactive,2025-05-22,2025-06-11,2025-06-11,2025-06-11,84.15,18.124064171122996
TXN00581,159,3391.54,2025-02-07,EUR,Arjun,Active,2025-04-03,2025-02-07,2025-02-07,2025-02-07,84.17,40.29392895330878
TXN00582,189,2319.06,2025-04-12,EUR,Yash,Inactive,2025-04-10,,,,,
TXN00583,178,759.48,2025-01-04,EUR,Vikas,Active,2025-05-10,,,,,
TXN00584,120,2997.7,2025-01-13,EUR,Amit,Inactive,2025-01-23,2025-01-13,2025-01-13,2025-01-13,84.02,35.67840990240419
TXN00585,112,3673.64,2025-01-15,EUR,Rahul,Active,2025-03-25,2025-01-15,2025-01-15,2025-01-15,84.52,43.46474207288216
TXN00586,125,3304.72,2025-04-05,EUR,Ritika,Active,2025-03-08,,,,,
TXN00587,123,1817.01,2025-01-08,EUR,Manav,Active,2025-06-21,2025-01-08,2025-01-08,2025-01-08,84.05,21.618203450327186
TXN00588,121,108.68,2025-04-22,EUR,Manav,Active,2025-06-20,2025-04-22,2025-04-22,2025-04-22,83.35,1.303899220155969
TXN00589,104,537.17,2025-03-11,EUR,Priya,Active,2025-06-19,2025-03-11,2025-03-11,2025-03-11,84.24,6.376661918328585
TXN00590,176,2487.71,2025-01-15,EUR,Karan,Active,2025-03-21,2025-01-15,2025-01-15,2025-01-15,84.52,29.433388547089447
TXN00591,146,2919.97,2025-03-10,EUR,Nisha,Inactive,2025-06-23,2025-03-10,2025-03-10,2025-03-10,83.69,34.89030947544509
TXN00592,152,424.42,2025-06-24,EUR,Vikas,Inactive,2025-03-17,2025-06-24,2025-06-24,2025-06-24,83.32,5.093855016802689
TXN00593,147,2518.15,2025-03-01,EUR,Nisha,Active,2025-06-15,,,,,
TXN00594,138,3600.43,2025-01-24,EUR,Vikas,Active,2025-05-24,2025-01-24,2025-01-24,2025-01-24,84.06,42.83166785629312
TXN00595,116,384.85,2025-06-18,EUR,Rohan,Active,2025-01-11,2025-06-18,2025-06-18,2025-06-18,84.08,4.577188392007612
TXN00596,158,4132.22,2025-01-23,EUR,Yash,Active,2025-03-07,2025-01-23,2025-01-23,2025-01-23,83.06,49.749819407657114
TXN00597,114,3127.72,2025-03-07,EUR,Manav,Inactive,2025-04-28,2025-03-07,2025-03-07,2025-03-07,84.5,37.01443786982248
TXN00598,125,4388.56,2025-02-16,EUR,Ritika,Active,2025-03-08,,,,,
TXN00599,123,3875.28,2025-05-13,EUR,Manav,Active,2025-06-21,2025-05-13,2025-05-13,2025-05-13,84.5,45.86130177514793
TXN00600,129,2889.7,2025-01-02,EUR,Pooja,Inactive,2025-01-28,2025-01-02,2025-01-02,2025-01-02,83.25,34.71111111111111
TXN00601,158,2915.44,2025-01-17,EUR,Yash,Active,2025-03-07,2025-01-17,2025-01-17,2025-01-17,84.59,34.46553966189857
TXN00602,182,4827.82,2025-01-11,EUR,Amit,Active,2025-06-28,,,,,
TXN00603,108,3722.72,2025-03-26,EUR,Isha,Inactive,2025-05-18,2025-03-26,2025-03-26,2025-03-26,83.51,44.57813435516704
TXN00604,132,2214.14,2025-01-12,EUR,Amit,Inactive,2025-04-26,,,,,
TXN00605,105,32.07,2025-06-07,EUR,Amit,Active,2025-05-05,,,,,
TXN00606,137,2601.59,2025-05-03,EUR,Aakash,Inactive,2025-03-14,,,,,
TXN00607,164,574.99,2025-01-02,EUR,Dev,Inactive,2025-03-03,2025-01-02,2025-01-02,2025-01-02,83.25,6.906786786786787
TXN00608,103,3994.19,2025-03-20,EUR,Aakash,Inactive,2025-06-19,2025-03-20,2025-03-20,2025-03-20,84.53,47.25174494262392
TXN00609,104,598.52,2025-03-11,EUR,Priya,Active,2025-06-19,2025-03-11,2025-03-11,2025-03-11,84.24,7.104938271604938
TXN00610,195,3036.84,2025-02-28,EUR,Karan,Active,2025-02-09,2025-02-28,2025-02-28,2025-02-28,83.5,36.36934131736527
TXN00611,192,4657.37,2025-03-22,EUR,Isha,Inactive,2025-06-03,,,,,
TXN00612,127,288.9,2025-05-12,EUR,Isha,Inactive,2025-04-05,2025-05-12,2025-05-12,2025-05-12,84.6,3.4148936170212765
TXN00613,174,1197.28,2025-05-08,EUR,Pooja,Active,2025-04-20,2025-05-08,2025-05-08,2025-05-08,84.02,14.249940490359439
TXN00614,122,1302.32,2025-04-18,EUR,Rahul,Active,2025-04-30,2025-04-18,2025-04-18,2025-04-18,83.41,15.61347560244575
TXN00615,197,840.29,2025-01-07,EUR,Aakash,Active,2025-06-05,2025-01-07,2025-01-07,2025-01-07,84.17,9.983248188190567
TXN00616,126,3457.48,2025-05-04,EUR,Nisha,Inactive,2025-04-28,,,,,
TXN00617,102,618.16,2025-01-13,EUR,Dev,Active,2025-01-02,2025-01-13,2025-01-13,2025-01-13,84.02,7.357295881932873
TXN00618,188,555.78,2025-03-23,EUR,Amit,Active,2025-03-20,,,,,
TXN00619,142,3243.33,2025-02-04,EUR,Amit,Inactive,2025-03-20,2025-02-04,2025-02-04,2025-02-04,84.55,38.359905381431105
TXN00620,132,3651.35,2025-05-10,EUR,Amit,Inactive,2025-04-26,,,,,
TXN00621,104,4053.98,2025-04-13,EUR,Priya,Active,2025-06-19,,,,,
TXN00622,160,4307.44,2025-03-15,EUR,Arjun,Active,2025-05-06,,,,,
TXN00623,172,4680.42,2025-06-30,EUR,Yash,Active,2025-06-05,2025-06-30,2025-06-30,2025-06-30,84.71,55.25227245897769
TXN00624,181,348.79,2025-03-28,EUR,Rahul,Active,2025-05-21,2025-03-28,2025-03-28,2025-03-28,83.78,4.163165433277632
TXN00625,153,3498.72,2025-04-04,EUR,Arjun,Inactive,2025-04-06,2025-04-04,2025-04-04,2025-04-04,83.52,41.89080459770115
TXN00626,105,4651.45,2025-04-08,EUR,Amit,Active,2025-05-05,2025-04-08,2025-04-08,2025-04-08,84.13,55.288838702008796
TXN00627,200,1761.52,2025-06-03,EUR,Karan,Inactive,2025-03-01,2025-06-03,2025-06-03,2025-06-03,84.29,20.898327203701506
TXN00628,127,159.39,2025-04-02,EUR,Isha,Inactive,2025-04-05,2025-04-02,2025-04-02,2025-04-02,84.56,1.8849337748344368
TXN00629,151,909.04,2025-02-18,EUR,Kriti,Active,2025-02-09,2025-02-18,2025-02-18,2025-02-18,84.77,10.723605048956
TXN00630,144,4574.87,2025-06-26,EUR,Yash,Active,2025-03-26,2025-06-26,2025-06-26,2025-06-26,84.48,54.15329071969697
TXN00631,133,1143.1,2025-01-29,EUR,Meera,Inactive,2025-01-20,2025-01-29,2025-01-29,2025-01-29,84.37,13.548654735095411
TXN00632,163,3019.74,2025-04-22,EUR,Rahul,Active,2025-03-21,2025-04-22,2025-04-22,2025-04-22,83.35,36.229634073185366
TXN00633,153,661.93,2025-06-14,EUR,Arjun,Inactive,2025-04-06,,,,,
TXN00634,130,2172.72,2025-05-05,EUR,Aakash,Inactive,2025-06-17,2025-05-05,2025-05-05,2025-05-05,84.3,25.773665480427045
TXN00635,171,1658.54,2025-02-25,EUR,Pooja,Inactive,2025-03-06,2025-02-25,2025-02-25,2025-02-25,84.55,19.616085156712003
TXN00636,127,1885.66,2025-02-27,EUR,Isha,Inactive,2025-04-05,2025-02-27,2025-02-27,2025-02-27,84.03,22.44031893371415
TXN00637,133,2553.44,2025-01-05,EUR,Meera,Inactive,2025-01-20,,,,,
TXN00638,153,2916.12,2025-03-05,EUR,Arjun,Inactive,2025-04-06,2025-03-05,2025-03-05,2025-03-05,83.34,34.9906407487401
TXN00639,181,4662.78,2025-02-19,EUR,Rahul,Active,2025-05-21,2025-02-19,2025-02-19,2025-02-19,84.32,55.298624288425046
TXN00640,126,413.07,2025-06-22,EUR,Nisha,Inactive,2025-04-28,,,,,
TXN00641,155,3582.64,2025-04-21,EUR,Karan,Active,2025-03-28,2025-04-21,2025-04-21,2025-04-21,83.42,42.94701510429154
TXN00642,101,1738.13,2025-04-15,EUR,Vikas,Active,2025-05-13,2025-04-15,2025-04-15,2025-04-15,83.01,20.938802553909166
TXN00643,154,1230.24,2025-06-11,EUR,Rohan,Inactive,2025-04-09,2025-06-11,2025-06-11,2025-06-11,84.15,14.619607843137254
TXN00644,174,4988.29,2025-04-30,EUR,Pooja,Active,2025-04-20,2025-04-30,2025-04-30,2025-04-30,83.91,59.448099153855324
TXN00645,120,4509.3,2025-01-26,EUR,Amit,Inactive,2025-01-23,,,,,
TXN00646,132,2172.69,2025-01-23,EUR,Amit,Inactive,2025-04-26,2025-01-23,2025-01-23,2025-01-23,83.06,26.158078497471706
TXN00647,147,3223.78,2025-05-08,EUR,Nisha,Active,2025-06-15,2025-05-08,2025-05-08,2025-05-08,84.02,38.36919781004523
TXN00648,101,3960.55,2025-06-28,EUR,Vikas,Active,2025-05-13,,,,,
TXN00649,107,245.73,2025-05-27,EUR,Ritika,Inactive,2025-05-18,2025-05-27,2025-05-27,2025-05-27,83.58,2.9400574300071787
TXN00650,106,2759.19,2025-03-08,EUR,Karan,Inactive,2025-03-11,,,,,
TXN00651,162,4053.6,2025-03-05,EUR,Karan,Active,2025-06-23,2025-03-05,2025-03-05,2025-03-05,83.34,48.639308855291574
TXN00652,167,1082.27,2025-06-07,EUR,Pooja,Active,2025-01-08,,,,,
TXN00653,116,2576.46,2025-01-22,EUR,Rohan,Active,2025-01-11,2025-01-22,2025-01-22,2025-01-22,84.89,30.350571327600424
TXN00654,184,3900.35,2025-01-20,EUR,Meera,Inactive,2025-06-02,2025-01-20,2025-01-20,2025-01-20,83.33,46.80607224288971
TXN00655,176,402.86,2025-01-30,EUR,Karan,Active,2025-03-21,2025-01-30,2025-01-30,2025-01-30,83.49,4.8252485327584145
TXN00656,150,2662.49,2025-05-22,EUR,Anjali,Active,2025-04-28,2025-05-22,2025-05-22,2025-05-22,83.64,31.83273553323768
TXN00657,156,1442.8,2025-01-12,EUR,Meera,Active,2025-03-02,,,,,
TXN00658,131,1654.68,2025-05-17,EUR,Vikas,Active,2025-02-02,,,,,
TXN00659,194,3279.96,2025-01-09,EUR,Aakash,Inactive,2025-02-24,2025-01-09,2025-01-09,2025-01-09,84.09,39.00535140920442
TXN00660,114,1269.02,2025-01-14,EUR,Manav,Inactive,2025-04-28,2025-01-14,2025-01-14,2025-01-14,84.89,14.94899281423018
TXN00661,172,4891.69,2025-03-19,EUR,Yash,Active,2025-06-05,2025-03-19,2025-03-19,2025-03-19,84.86,57.64423756775866
TXN00662,106,4178.47,2025-01-21,EUR,Karan,Inactive,2025-03-11,2025-01-21,2025-01-21,2025-01-21,84.12,49.6727294341417
TXN00663,103,4089.31,2025-03-30,EUR,Aakash,Inactive,2025-06-19,,,,,
TXN00664,128,3805.23,2025-02-27,EUR,Vikas,Inactive,2025-01-11,2025-02-27,2025-02-27,2025-02-27,84.03,45.28418421992146
TXN00665,199,3963.24,2025-06-22,EUR,Aakash,Active,2025-04-17,,,,,
TXN00666,192,4478.63,2025-04-27,EUR,Isha,Inactive,2025-06-03,,,,,
TXN00667,113,773.69,2025-06-16,EUR,Meera,Active,2025-04-29,2025-06-16,2025-06-16,2025-06-16,83.79,9.233679436686955
TXN00668,123,3765.5,2025-01-03,EUR,Manav,Active,2025-06-21,2025-01-03,2025-01-03,2025-01-03,83.71,44.98267829411062
TXN00669,190,3696.62,2025-06-05,EUR,Karan,Inactive,2025-03-07,2025-06-05,2025-06-05,2025-06-05,83.11,44.478642762603776
TXN00670,169,4493.57,2025-02-27,EUR,Neha,Active,2025-01-21,2025-02-27,2025-02-27,2025-02-27,84.03,53.47578245864572
TXN00671,146,2867.9,2025-05-15,EUR,Nisha,Inactive,2025-06-23,2025-05-15,2025-05-15,2025-05-15,83.8,34.22315035799523
TXN00672,148,1463.18,2025-02-22,EUR,Neha,Inactive,2025-02-15,,,,,
TXN00673,137,2558.17,2025-06-14,EUR,Aakash,Inactive,2025-03-14,,,,,
TXN00674,192,4006.19,2025-01-11,EUR,Isha,Inactive,2025-06-03,,,,,
TXN00675,101,4645.3,2025-04-21,EUR,Vikas,Active,2025-05-13,2025-04-21,2025-04-21,2025-04-21,83.42,55.68568688563894
TXN00676,107,716.95,2025-01-08,EUR,Ritika,Inactive,2025-05-18,2025-01-08,2025-01-08,2025-01-08,84.05,8.530041641879833
TXN00677,187,4774.6,2025-04-17,EUR,Ritika,Inactive,2025-05-31,2025-04-17,2025-04-17,2025-04-17,83.05,57.490668272125234
TXN00678,137,249.98,2025-04-01,EUR,Aakash,Inactive,2025-03-14,2025-04-01,2025-04-01,2025-04-01,83.14,3.0067356266538368
TXN00679,196,2911.28,2025-01-22,EUR,Nisha,Inactive,2025-04-24,2025-01-22,2025-01-22,2025-01-22,84.89,34.29473436211568
TXN00680,131,617.42,2025-03-12,EUR,Vikas,Active,2025-02-02,2025-03-12,2025-03-12,2025-03-12,83.2,7.42091346153846
TXN00681,118,1433.34,2025-02-18,EUR,Sneha,Active,2025-03-24,2025-02-18,2025-02-18,2025-02-18,84.77,16.908576147221893
TXN00682,164,1165.81,2025-02-10,EUR,Dev,Inactive,2025-03-03,2025-02-10,2025-02-10,2025-02-10,84.2,13.845724465558193
TXN00683,114,4446.0,2025-06-01,EUR,Manav,Inactive,2025-04-28,,,,,
TXN00684,175,4935.61,2025-03-04,EUR,Isha,Inactive,2025-03-23,2025-03-04,2025-03-04,2025-03-04,84.73,58.25103269208072
TXN00685,181,2280.8,2025-06-12,EUR,Rahul,Active,2025-05-21,2025-06-12,2025-06-12,2025-06-12,84.97,26.84241496998941
TXN00686,182,4259.55,2025-02-09,EUR,Amit,Active,2025-06-28,,,,,
TXN00687,155,4946.22,2025-02-21,EUR,Karan,Active,2025-03-28,2025-02-21,2025-02-21,2025-02-21,83.67,59.115812119039084
TXN00688,199,805.91,2025-03-12,EUR,Aakash,Active,2025-04-17,2025-03-12,2025-03-12,2025-03-12,83.2,9.686418269230769
TXN00689,144,33.83,2025-02-22,EUR,Yash,Active,2025-03-26,,,,,
TXN00690,149,1590.29,2025-04-24,EUR,Manav,Active,2025-03-16,2025-04-24,2025-04-24,2025-04-24,84.78,18.757843831092238
TXN00691,183,4678.07,2025-06-26,EUR,Nisha,Active,2025-01-11,2025-06-26,2025-06-26,2025-06-26,84.48,55.374881628787875
TXN00692,198,3183.71,2025-04-28,EUR,Priya,Inactive,2025-06-02,2025-04-28,2025-04-28,2025-04-28,83.9,37.94648390941597
TXN00693,148,44.34,2025-06-09,EUR,Neha,Inactive,2025-02-15,2025-06-09,2025-06-09,2025-06-09,83.38,0.5317822019668986
TXN00694,110,1263.84,2025-05-25,EUR,Karan,Inactive,2025-03-22,,,,,
TXN00695,143,3921.11,2025-04-03,EUR,Meera,Inactive,2025-05-22,2025-04-03,2025-04-03,2025-04-03,84.55,46.37622708456535
TXN00696,182,4167.92,2025-03-08,EUR,Amit,Active,2025-06-28,,,,,
TXN00697,126,288.8,2025-02-28,EUR,Nisha,Inactive,2025-04-28,2025-02-28,2025-02-28,2025-02-28,83.5,3.4586826347305393
TXN00698,106,502.8,2025-02-26,EUR,Karan,Inactive,2025-03-11,2025-02-26,2025-02-26,2025-02-26,83.93,5.990706541165256
TXN00699,121,2796.7,2025-04-07,EUR,Manav,Active,2025-06-20,2025-04-07,2025-04-07,2025-04-07,83.03,33.68300614235818
TXN00700,122,3598.37,2025-05-26,EUR,Rahul,Active,2025-04-30,2025-05-26,2025-05-26,2025-05-26,84.66,42.50377982518309
TXN00701,135,1720.44,2025-04-20,EUR,Rahul,Active,2025-03-17,,,,,
TXN00702,200,2910.64,2025-04-11,EUR,Karan,Inactive,2025-03-01,2025-04-11,2025-04-11,2025-04-11,84.79,34.32763297558674
TXN00703,101,2920.57,2025-03-12,EUR,Vikas,Active,2025-05-13,2025-03-12,2025-03-12,2025-03-12,83.2,35.10300480769231
TXN00704,113,841.43,2025-05-19,EUR,Meera,Active,2025-04-29,2025-05-19,2025-05-19,2025-05-19,84.85,9.916676487919858
TXN00705,194,4071.61,2025-04-14,EUR,Aakash,Inactive,2025-02-24,2025-04-14,2025-04-14,2025-04-14,84.69,48.076632424135084
TXN00706,165,2338.14,2025-05-31,EUR,Karan,Inactive,2025-02-19,,,,,
TXN00707,114,1020.94,2025-01-04,EUR,Manav,Inactive,2025-04-28,,,,,
TXN00708,184,3164.99,2025-02-09,EUR,Meera,Inactive,2025-06-02,,,,,
TXN00709,119,2508.46,2025-04-09,EUR,Karan,Inactive,2025-01-05,2025-04-09,2025-04-09,2025-04-09,84.97,29.521713545957397
TXN00710,110,1769.5,2025-06-10,EUR,Karan,Inactive,2025-03-22,2025-06-10,2025-06-10,2025-06-10,84.34,20.980554896846098
TXN00711,142,630.64,2025-02-07,EUR,Amit,Inactive,2025-03-20,2025-02-07,2025-02-07,2025-02-07,84.17,7.492455744326957
TXN00712,141,1232.79,2025-05-13,EUR,Ritika,Active,2025-05-02,2025-05-13,2025-05-13,2025-05-13,84.5,14.589230769230769
TXN00713,115,232.47,2025-02-20,EUR,Kriti,Active,2025-02-20,2025-02-20,2025-02-20,2025-02-20,84.33,2.7566702241195307
TXN00714,162,3193.42,2025-04-06,EUR,Karan,Active,2025-06-23,,,,,
TXN00715,174,3900.61,2025-01-27,EUR,Pooja,Active,2025-04-20,2025-01-27,2025-01-27,2025-01-27,84.07,46.39716902581183
TXN00716,193,3566.07,2025-05-18,EUR,Kriti,Active,2025-06-12,,,,,
TXN00717,181,4746.85,2025-02-17,EUR,Rahul,Active,2025-05-21,2025-02-17,2025-02-17,2025-02-17,83.5,56.84850299401198
TXN00718,115,4692.89,2025-03-27,EUR,Kriti,Active,2025-02-20,2025-03-27,2025-03-27,2025-03-27,84.95,55.242966450853444
TXN00719,173,974.15,2025-03-01,EUR,Dev,Active,2025-04-19,,,,,
TXN00720,130,545.4,2025-01-04,EUR,Aakash,Inactive,2025-06-17,,,,,
TXN00721,161,1492.57,2025-06-29,EUR,Aakash,Active,2025-01-09,,,,,
TXN00722,138,2785.25,2025-06-29,EUR,Vikas,Active,2025-05-24,,,,,
TXN00723,107,1185.13,2025-06-12,EUR,Ritika,Inactive,2025-05-18,2025-06-12,2025-06-12,2025-06-12,84.97,13.947628574791104
TXN00724,111,2723.34,2025-01-28,EUR,Priya,Active,2025-06-12,2025-01-28,2025-01-28,2025-01-28,84.34,32.2900165994783
TXN00725,158,3978.12,2025-05-11,EUR,Yash,Active,2025-03-07,,,,,
TXN00726,150,2511.46,2025-05-24,EUR,Anjali,Active,2025-04-28,,,,,
TXN00727,106,1847.65,2025-05-02,EUR,Karan,Inactive,2025-03-11,2025-05-02,2025-05-02,2025-05-02,83.21,22.20466290109362
TXN00728,163,4974.14,2025-01-29,EUR,Rahul,Active,2025-03-21,2025-01-29,2025-01-29,2025-01-29,84.37,58.95626407490814
TXN00729,154,3127.57,2025-06-05,EUR,Rohan,Inactive,2025-04-09,2025-06-05,2025-06-05,2025-06-05,83.11,37.63169293707136
TXN00730,111,1769.63,2025-04-20,EUR,Priya,Active,2025-06-12,,,,,
TXN00731,136,108.28,2025-01-14,EUR,Anjali,Inactive,2025-01-03,2025-01-14,2025-01-14,2025-01-14,84.89,1.2755330427612204
TXN00732,199,3744.16,2025-06-01,EUR,Aakash,Active,2025-04-17,,,,,
TXN00733,114,4692.43,2025-03-25,EUR,Manav,Inactive,2025-04-28,2025-03-25,2025-03-25,2025-03-25,83.29,56.3384559971185
TXN00734,138,78.92,2025-04-25,EUR,Vikas,Active,2025-05-24,2025-04-25,2025-04-25,2025-04-25,84.26,0.9366247329693804
TXN00735,108,4348.79,2025-01-30,EUR,Isha,Inactive,2025-05-18,2025-01-30,2025-01-30,2025-01-30,83.49,52.087555395855794
TXN00736,101,504.24,2025-04-04,EUR,Vikas,Active,2025-05-13,2025-04-04,2025-04-04,2025-04-04,83.52,6.037356321839081
TXN00737,168,4732.9,2025-05-07,EUR,Sneha,Inactive,2025-06-28,2025-05-07,2025-05-07,2025-05-07,84.84,55.78618576143328
TXN00738,157,3893.6,2025-01-25,EUR,Arjun,Active,2025-05-21,,,,,
TXN00739,150,1537.13,2025-01-05,EUR,Anjali,Active,2025-04-28,,,,,
TXN00740,136,1508.37,2025-05-05,EUR,Anjali,Inactive,2025-01-03,2025-05-05,2025-05-05,2025-05-05,84.3,17.89288256227758
TXN00741,188,3526.8,2025-04-07,EUR,Amit,Active,2025-03-20,2025-04-07,2025-04-07,2025-04-07,83.03,42.47621341683729
TXN00742,141,2339.98,2025-05-10,EUR,Ritika,Active,2025-05-02,,,,,
TXN00743,183,4881.68,2025-05-06,EUR,Nisha,Active,2025-01-11,2025-05-06,2025-05-06,2025-05-06,84.84,57.53983969825554
TXN00744,169,824.57,2025-01-10,EUR,Neha,Active,2025-01-21,2025-01-10,2025-01-10,2025-01-10,83.92,9.825667302192565
TXN00745,119,518.31,2025-05-09,EUR,Karan,Inactive,2025-01-05,2025-05-09,2025-05-09,2025-05-09,83.73,6.190254389107846
TXN00746,174,1994.64,2025-02-27,EUR,Pooja,Active,2025-04-20,2025-02-27,2025-02-27,2025-02-27,84.03,23.73723670117815
TXN00747,102,76.92,2025-05-14,EUR,Dev,Active,2025-01-02,2025-05-14,2025-05-14,2025-05-14,84.52,0.9100804543303361
TXN00748,188,2470.55,2025-02-17,EUR,Amit,Active,2025-03-20,2025-02-17,2025-02-17,2025-02-17,83.5,29.5874251497006
TXN00749,181,502.67,2025-02-08,EUR,Rahul,Active,2025-05-21,,,,,
TXN00750,116,1999.28,2025-01-04,EUR,Rohan,Active,2025-01-11,,,,,
TXN00751,123,4650.4,2025-06-06,EUR,Manav,Active,2025-06-21,2025-06-06,2025-06-06,2025-06-06,83.97,55.3816839347386
TXN00752,187,2756.99,2025-03-01,EUR,Ritika,Inactive,2025-05-31,,,,,
TXN00753,133,4615.42,2025-05-24,EUR,Meera,Inactive,2025-01-20,,,,,
TXN00754,178,2501.2,2025-04-20,EUR,Vikas,Active,2025-05-10,,,,,
TXN00755,177,4390.1,2025-05-22,EUR,Sneha,Inactive,2025-02-14,2025-05-22,2025-05-22,2025-05-22,83.64,52.48804399808704
TXN00756,170,2318.17,2025-02-10,EUR,Neha,Active,2025-06-28,2025-02-10,2025-02-10,2025-02-10,84.2,27.531710213776723
TXN00757,165,3688.47,2025-02-13,EUR,Karan,Inactive,2025-02-19,2025-02-13,2025-02-13,2025-02-13,84.62,43.588631529189314
TXN00758,152,4025.62,2025-05-24,EUR,Vikas,Inactive,2025-03-17,,,,,
TXN00759,163,2515.18,2025-04-28,EUR,Rahul,Active,2025-03-21,2025-04-28,2025-04-28,2025-04-28,83.9,29.97830750893921
TXN00760,163,73.62,2025-02-02,EUR,Rahul,Active,2025-03-21,,,,,
TXN00761,179,1982.35,2025-06-21,EUR,Dev,Inactive,2025-03-04,,,,,
TXN00762,132,3728.56,2025-03-15,EUR,Amit,Inactive,2025-04-26,,,,,
TXN00763,195,4924.31,2025-03-09,EUR,Karan,Active,2025-02-09,,,,,
TXN00764,102,869.83,2025-01-07,EUR,Dev,Active,2025-01-02,2025-01-07,2025-01-07,2025-01-07,84.17,10.334204585956993
TXN00765,123,2167.89,2025-01-12,EUR,Manav,Active,2025-06-21,,,,,
TXN00766,117,4305.63,2025-06-28,EUR,Nisha,Inactive,2025-05-25,,,,,
TXN00767,163,3073.1,2025-05-11,EUR,Rahul,Active,2025-03-21,,,,,
TXN00768,192,4229.35,2025-06-04,EUR,Isha,Inactive,2025-06-03,2025-06-04,2025-06-04,2025-06-04,84.9,49.81566548881037
TXN00769,158,3183.38,2025-04-05,EUR,Yash,Active,2025-03-07,,,,,
TXN00770,161,2771.17,2025-04-02,EUR,Aakash,Active,2025-01-09,2025-04-02,2025-04-02,2025-04-02,84.56,32.77164143803217
TXN00771,106,2452.96,2025-05-21,EUR,Karan,Inactive,2025-03-11,2025-05-21,2025-05-21,2025-05-21,84.58,29.001655237644833
TXN00772,158,4103.57,2025-03-02,EUR,Yash,Active,2025-03-07,,,,,
TXN00773,199,3527.78,2025-01-18,EUR,Aakash,Active,2025-04-17,,,,,
TXN00774,192,1805.48,2025-04-27,EUR,Isha,Inactive,2025-06-03,,,,,
TXN00775,121,1272.72,2025-04-27,EUR,Manav,Active,2025-06-20,,,,,
TXN00776,194,4411.02,2025-06-25,EUR,Aakash,Inactive,2025-02-24,2025-06-25,2025-06-25,2025-06-25,84.84,51.9922206506365
TXN00777,172,4679.06,2025-04-15,EUR,Yash,Active,2025-06-05,2025-04-15,2025-04-15,2025-04-15,83.01,56.36742561137213
TXN00778,126,1816.61,2025-01-08,EUR,Nisha,Inactive,2025-04-28,2025-01-08,2025-01-08,2025-01-08,84.05,21.613444378346223
TXN00779,156,228.82,2025-01-24,EUR,Meera,Active,2025-03-02,2025-01-24,2025-01-24,2025-01-24,84.06,2.722103259576493
TXN00780,180,4307.14,2025-06-17,EUR,Rahul,Active,2025-05-26,2025-06-17,2025-06-17,2025-06-17,83.95,51.30601548540798
TXN00781,154,4368.75,2025-04-22,EUR,Rohan,Inactive,2025-04-09,2025-04-22,2025-04-22,2025-04-22,83.35,52.41451709658069
TXN00782,138,2644.24,2025-01-22,EUR,Vikas,Active,2025-05-24,2025-01-22,2025-01-22,2025-01-22,84.89,31.149016374131225
TXN00783,118,3898.63,2025-03-15,EUR,Sneha,Active,2025-03-24,,,,,
TXN00784,114,4734.9,2025-05-13,EUR,Manav,Inactive,2025-04-28,2025-05-13,2025-05-13,2025-05-13,84.5,56.034319526627215
TXN00785,131,3524.24,2025-04-24,EUR,Vikas,Active,2025-02-02,2025-04-24,2025-04-24,2025-04-24,84.78,41.569238027836754
TXN00786,121,196.11,2025-03-05,EUR,Manav,Active,2025-06-20,2025-03-05,2025-03-05,2025-03-05,83.34,2.353131749460043
TXN00787,101,336.52,2025-02-08,EUR,Vikas,Active,2025-05-13,,,,,
TXN00788,101,3213.73,2025-04-06,EUR,Vikas,Active,2025-05-13,,,,,
TXN00789,164,3905.32,2025-03-26,EUR,Dev,Inactive,2025-03-03,2025-03-26,2025-03-26,2025-03-26,83.51,46.76469883846246
TXN00790,102,1416.52,2025-04-03,EUR,Dev,Active,2025-01-02,2025-04-03,2025-04-03,2025-04-03,84.55,16.75363690124187
TXN00791,177,2242.84,2025-03-29,EUR,Sneha,Inactive,2025-02-14,,,,,
TXN00792,183,879.56,2025-02-13,EUR,Nisha,Active,2025-01-11,2025-02-13,2025-02-13,2025-02-13,84.62,10.394233041834081
TXN00793,142,1602.2,2025-06-22,EUR,Amit,Inactive,2025-03-20,,,,,
TXN00794,136,621.66,2025-04-26,EUR,Anjali,Inactive,2025-01-03,,,,,
TXN00795,180,1029.06,2025-01-24,EUR,Rahul,Active,2025-05-26,2025-01-24,2025-01-24,2025-01-24,84.06,12.241970021413275
TXN00796,195,4671.47,2025-05-19,EUR,Karan,Active,2025-02-09,2025-05-19,2025-05-19,2025-05-19,84.85,55.05562757807897
TXN00797,146,891.68,2025-03-01,EUR,Nisha,Inactive,2025-06-23,,,,,
TXN00798,189,2838.47,2025-06-27,EUR,Yash,Inactive,2025-04-10,2025-06-27,2025-06-27,2025-06-27,83.32,34.06709073451752
TXN00799,197,4120.75,2025-01-06,EUR,Aakash,Active,2025-06-05,2025-01-06,2025-01-06,2025-01-06,84.52,48.754732607666824
TXN00800,109,1534.72,2025-05-25,EUR,Aakash,Active,2025-01-19,,,,,
TXN00801,101,1710.05,2025-02-11,EUR,Vikas,Active,2025-05-13,2025-02-11,2025-02-11,2025-02-11,83.53,20.4722854064408
TXN00802,125,2360.47,2025-06-22,EUR,Ritika,Active,2025-03-08,,,,,
TXN00803,175,2272.63,2025-01-11,EUR,Isha,Inactive,2025-03-23,,,,,
TXN00804,134,1310.69,2025-01-15,EUR,Isha,Active,2025-03-11,2025-01-15,2025-01-15,2025-01-15,84.52,15.50745385707525
TXN00805,114,335.32,2025-03-18,EUR,Manav,Inactive,2025-04-28,2025-03-18,2025-03-18,2025-03-18,84.12,3.986210175939134
TXN00806,130,4436.47,2025-03-26,EUR,Aakash,Inactive,2025-06-17,2025-03-26,2025-03-26,2025-03-26,83.51,53.12501496826727
TXN00807,155,12.53,2025-04-20,EUR,Karan,Active,2025-03-28,,,,,
TXN00808,142,3293.48,2025-04-01,EUR,Amit,Inactive,2025-03-20,2025-04-01,2025-04-01,2025-04-01,83.14,39.6136636997835
TXN00809,134,4021.09,2025-06-17,EUR,Isha,Active,2025-03-11,2025-06-17,2025-06-17,2025-06-17,83.95,47.8986301369863
TXN00810,128,677.45,2025-03-14,EUR,Vikas,Inactive,2025-01-11,2025-03-14,2025-03-14,2025-03-14,83.25,8.137537537537538
TXN00811,156,269.93,2025-03-17,EUR,Meera,Active,2025-03-02,2025-03-17,2025-03-17,2025-03-17,83.25,3.2424024024024023
TXN00812,188,3934.05,2025-05-17,EUR,Amit,Active,2025-03-20,,,,,
TXN00813,178,1309.1,2025-04-17,EUR,Vikas,Active,2025-05-10,2025-04-17,2025-04-17,2025-04-17,83.05,15.762793497892835
TXN00814,117,3998.06,2025-01-03,EUR,Nisha,Inactive,2025-05-25,2025-01-03,2025-01-03,2025-01-03,83.71,47.76084099868594
TXN00815,117,1657.22,2025-04-19,EUR,Nisha,Inactive,2025-05-25,,,,,
TXN00816,187,1623.68,2025-03-27,EUR,Ritika,Inactive,2025-05-31,2025-03-27,2025-03-27,2025-03-27,84.95,19.113360800470865
TXN00817,177,4047.81,2025-04-22,EUR,Sneha,Inactive,2025-02-14,2025-04-22,2025-04-22,2025-04-22,83.35,48.56400719856029
TXN00818,196,1075.1,2025-01-08,EUR,Nisha,Inactive,2025-04-24,2025-01-08,2025-01-08,2025-01-08,84.05,12.791195716835217
TXN00819,161,250.79,2025-04-04,EUR,Aakash,Active,2025-01-09,2025-04-04,2025-04-04,2025-04-04,83.52,3.0027538314176248
TXN00820,131,2538.3,2025-03-12,EUR,Vikas,Active,2025-02-02,2025-03-12,2025-03-12,2025-03-12,83.2,30.508413461538463
TXN00821,161,808.62,2025-04-21,EUR,Aakash,Active,2025-01-09,2025-04-21,2025-04-21,2025-04-21,83.42,9.693358906736993
TXN00822,174,4166.03,2025-04-24,EUR,Pooja,Active,2025-04-20,2025-04-24,2025-04-24,2025-04-24,84.78,49.139301722104264
TXN00823,112,3925.69,2025-02-25,EUR,Rahul,Active,2025-03-25,2025-02-25,2025-02-25,2025-02-25,84.55,46.43039621525725
TXN00824,140,4149.07,2025-04-17,EUR,Amit,Active,2025-04-18,2025-04-17,2025-04-17,2025-04-17,83.05,49.95869957856713
TXN00825,149,133.63,2025-05-10,EUR,Manav,Active,2025-03-16,,,,,
TXN00826,175,4680.19,2025-04-21,EUR,Isha,Inactive,2025-03-23,2025-04-21,2025-04-21,2025-04-21,83.42,56.10393191081275
TXN00827,138,1047.25,2025-04-17,EUR,Vikas,Active,2025-05-24,2025-04-17,2025-04-17,2025-04-17,83.05,12.609873570138472
TXN00828,158,1241.18,2025-03-24,EUR,Yash,Active,2025-03-07,2025-03-24,2025-03-24,2025-03-24,83.52,14.86087164750958
TXN00829,143,1386.66,2025-02-12,EUR,Meera,Inactive,2025-05-22,2025-02-12,2025-02-12,2025-02-12,84.15,16.478431372549018
TXN00830,191,417.6,2025-01-09,EUR,Rohan,Inactive,2025-02-15,2025-01-09,2025-01-09,2025-01-09,84.09,4.966107741705316
TXN00831,114,4677.5,2025-06-20,EUR,Manav,Inactive,2025-04-28,2025-06-20,2025-06-20,2025-06-20,84.39,55.427183315558715
TXN00832,199,2741.9,2025-06-28,EUR,Aakash,Active,2025-04-17,,,,,
TXN00833,125,1376.17,2025-01-27,EUR,Ritika,Active,2025-03-08,2025-01-27,2025-01-27,2025-01-27,84.07,16.369335077911266
TXN00834,176,2497.3,2025-01-11,EUR,Karan,Active,2025-03-21,,,,,
TXN00835,101,3340.41,2025-05-07,EUR,Vikas,Active,2025-05-13,2025-05-07,2025-05-07,2025-05-07,84.84,39.37305516265912
TXN00836,183,2408.94,2025-04-03,EUR,Nisha,Active,2025-01-11,2025-04-03,2025-04-03,2025-04-03,84.55,28.49130691898285
TXN00837,133,261.03,2025-04-11,EUR,Meera,Inactive,2025-01-20,2025-04-11,2025-04-11,2025-04-11,84.79,3.0785469984667997
TXN00838,179,2086.63,2025-03-06,EUR,Dev,Inactive,2025-03-04,2025-03-06,2025-03-06,2025-03-06,83.22,25.073660177841866
TXN00839,122,4883.26,2025-06-03,EUR,Rahul,Active,2025-04-30,2025-06-03,2025-06-03,2025-06-03,84.29,57.9340372523431
TXN00840,122,4527.26,2025-03-04,EUR,Rahul,Active,2025-04-30,2025-03-04,2025-03-04,2025-03-04,84.73,53.43160627876785
TXN00841,106,2637.56,2025-04-01,EUR,Karan,Inactive,2025-03-11,2025-04-01,2025-04-01,2025-04-01,83.14,31.724320423382245
TXN00842,158,2771.87,2025-01-11,EUR,Yash,Active,2025-03-07,,,,,
TXN00843,194,3098.38,2025-06-16,EUR,Aakash,Inactive,2025-02-24,2025-06-16,2025-06-16,2025-06-16,83.79,36.97792099295859
TXN00844,170,1416.1,2025-06-08,EUR,Neha,Active,2025-06-28,,,,,
TXN00845,174,1946.27,2025-05-23,EUR,Pooja,Active,2025-04-20,2025-05-23,2025-05-23,2025-05-23,84.36,23.07100521574206
TXN00846,191,380.67,2025-06-08,EUR,Rohan,Inactive,2025-02-15,,,,,
TXN00847,113,1532.11,2025-01-25,EUR,Meera,Active,2025-04-29,,,,,
TXN00848,119,2929.77,2025-06-19,EUR,Karan,Inactive,2025-01-05,2025-06-19,2025-06-19,2025-06-19,84.56,34.64723273415326
TXN00849,156,3435.31,2025-04-09,EUR,Meera,Active,2025-03-02,2025-04-09,2025-04-09,2025-04-09,84.97,40.42968106390491
TXN00850,144,3619.53,2025-01-29,EUR,Yash,Active,2025-03-26,2025-01-29,2025-01-29,2025-01-29,84.37,42.90067559559085
TXN00851,181,522.64,2025-06-14,EUR,Rahul,Active,2025-05-21,,,,,
TXN00852,152,1065.16,2025-05-27,EUR,Vikas,Inactive,2025-03-17,2025-05-27,2025-05-27,2025-05-27,83.58,12.744197176357982
TXN00853,190,2021.03,2025-05-01,EUR,Karan,Inactive,2025-03-07,2025-05-01,2025-05-01,2025-05-01,83.55,24.18946738479952
TXN00854,103,1575.41,2025-01-27,EUR,Aakash,Inactive,2025-06-19,2025-01-27,2025-01-27,2025-01-27,84.07,18.739264898299037
TXN00855,119,82.48,2025-04-18,EUR,Karan,Inactive,2025-01-05,2025-04-18,2025-04-18,2025-04-18,83.41,0.9888502577628583
TXN00856,141,2796.69,2025-03-27,EUR,Ritika,Active,2025-05-02,2025-03-27,2025-03-27,2025-03-27,84.95,32.92160094173043
TXN00857,128,3261.4,2025-05-13,EUR,Vikas,Inactive,2025-01-11,2025-05-13,2025-05-13,2025-05-13,84.5,38.59644970414201
TXN00858,149,3369.25,2025-02-08,EUR,Manav,Active,2025-03-16,,,,,
TXN00859,119,3981.96,2025-03-22,EUR,Karan,Inactive,2025-01-05,,,,,
TXN00860,155,1405.25,2025-04-22,EUR,Karan,Active,2025-03-28,2025-04-22,2025-04-22,2025-04-22,83.35,16.859628074385125
TXN00861,169,1257.44,2025-06-09,EUR,Neha,Active,2025-01-21,2025-06-09,2025-06-09,2025-06-09,83.38,15.080834732549773
TXN00862,191,3777.39,2025-03-09,EUR,Rohan,Inactive,2025-02-15,,,,,
TXN00863,181,3391.91,2025-02-26,EUR,Rahul,Active,2025-05-21,2025-02-26,2025-02-26,2025-02-26,83.93,40.413558918146066
TXN00864,175,4019.17,2025-04-28,EUR,Isha,Inactive,2025-03-23,2025-04-28,2025-04-28,2025-04-28,83.9,47.904290822407624
TXN00865,101,810.1,2025-02-14,EUR,Vikas,Active,2025-05-13,2025-02-14,2025-02-14,2025-02-14,83.57,9.69366997726457
TXN00866,155,3025.22,2025-05-10,EUR,Karan,Active,2025-03-28,,,,,
TXN00867,171,4536.37,2025-05-31,EUR,Pooja,Inactive,2025-03-06,,,,,
TXN00868,106,3808.13,2025-01-07,EUR,Karan,Inactive,2025-03-11,2025-01-07,2025-01-07,2025-01-07,84.17,45.24331709635262
TXN00869,170,908.4,2025-01-23,EUR,Neha,Active,2025-06-28,2025-01-23,2025-01-23,2025-01-23,83.06,10.936672285095112
TXN00870,150,4730.26,2025-05-06,EUR,Anjali,Active,2025-04-28,2025-05-06,2025-05-06,2025-05-06,84.84,55.755068363979255
TXN00871,186,4811.08,2025-01-27,EUR,Pooja,Inactive,2025-06-26,2025-01-27,2025-01-27,2025-01-27,84.07,57.227072677530636
TXN00872,105,1533.1,2025-02-05,EUR,Amit,Active,2025-05-05,2025-02-05,2025-02-05,2025-02-05,83.88,18.277300906056272
TXN00873,184,3515.1,2025-06-07,EUR,Meera,Inactive,2025-06-02,,,,,
TXN00874,106,3852.25,2025-04-19,EUR,Karan,Inactive,2025-03-11,,,,,
TXN00875,178,514.29,2025-03-24,EUR,Vikas,Active,2025-05-10,2025-03-24,2025-03-24,2025-03-24,83.52,6.157686781609195
TXN00876,170,4074.16,2025-06-03,EUR,Neha,Active,2025-06-28,2025-06-03,2025-06-03,2025-06-03,84.29,48.33503381184007
TXN00877,177,3918.53,2025-04-29,EUR,Sneha,Inactive,2025-02-14,2025-04-29,2025-04-29,2025-04-29,84.03,46.632512198024514
TXN00878,120,4589.52,2025-02-25,EUR,Amit,Inactive,2025-01-23,2025-02-25,2025-02-25,2025-02-25,84.55,54.281726788882324
TXN00879,172,4219.83,2025-05-22,EUR,Yash,Active,2025-06-05,2025-05-22,2025-05-22,2025-05-22,83.64,50.45229555236729
TXN00880,139,1318.28,2025-02-16,EUR,Ritika,Active,2025-03-30,,,,,
TXN00881,131,1122.6,2025-03-11,EUR,Vikas,Active,2025-02-02,2025-03-11,2025-03-11,2025-03-11,84.24,13.326210826210826
TXN00882,178,4810.0,2025-03-09,EUR,Vikas,Active,2025-05-10,,,,,
TXN00883,137,634.79,2025-03-12,EUR,Aakash,Inactive,2025-03-14,2025-03-12,2025-03-12,2025-03-12,83.2,7.629687499999999
TXN00884,113,3298.31,2025-05-17,EUR,Meera,Active,2025-04-29,,,,,
TXN00885,122,3978.53,2025-06-28,EUR,Rahul,Active,2025-04-30,,,,,
TXN00886,173,1354.88,2025-01-22,EUR,Dev,Active,2025-04-19,2025-01-22,2025-01-22,2025-01-22,84.89,15.960419366238662
TXN00887,102,577.49,2025-05-26,EUR,Dev,Active,2025-01-02,2025-05-26,2025-05-26,2025-05-26,84.66,6.821285140562249
TXN00888,195,3038.2,2025-03-15,EUR,Karan,Active,2025-02-09,,,,,
TXN00889,158,424.84,2025-06-23,EUR,Yash,Active,2025-03-07,2025-06-23,2025-06-23,2025-06-23,83.26,5.10257026183041
TXN00890,170,4492.81,2025-03-27,EUR,Neha,Active,2025-06-28,2025-03-27,2025-03-27,2025-03-27,84.95,52.88769864626251
TXN00891,147,3473.2,2025-04-11,EUR,Nisha,Active,2025-06-15,2025-04-11,2025-04-11,2025-04-11,84.79,40.9623776388725
TXN00892,193,2692.52,2025-06-22,EUR,Kriti,Active,2025-06-12,,,,,
TXN00893,133,65.0,2025-02-19,EUR,Meera,Inactive,2025-01-20,2025-02-19,2025-02-19,2025-02-19,84.32,0.7708728652751424
TXN00894,118,1561.11,2025-05-08,EUR,Sneha,Active,2025-03-24,2025-05-08,2025-05-08,2025-05-08,84.02,18.580218995477267
TXN00895,167,4187.87,2025-02-23,EUR,Pooja,Active,2025-01-08,,,,,
TXN00896,119,2500.75,2025-02-13,EUR,Karan,Inactive,2025-01-05,2025-02-13,2025-02-13,2025-02-13,84.62,29.55270621602458
TXN00897,156,967.21,2025-01-09,EUR,Meera,Active,2025-03-02,2025-01-09,2025-01-09,2025-01-09,84.09,11.502081103579497
TXN00898,169,2527.05,2025-01-12,EUR,Neha,Active,2025-01-21,,,,,
TXN00899,124,3514.36,2025-01-31,EUR,Meera,Inactive,2025-01-29,2025-01-31,2025-01-31,2025-01-31,84.98,41.355142386443866
TXN00900,144,3659.55,2025-03-30,EUR,Yash,Active,2025-03-26,,,,,
TXN00901,166,1802.84,2025-03-11,EUR,Arjun,Active,2025-03-10,2025-03-11,2025-03-11,2025-03-11,84.24,21.401234567901234
TXN00902,130,1167.16,2025-06-03,EUR,Aakash,Inactive,2025-06-17,2025-06-03,2025-06-03,2025-06-03,84.29,13.846956934393166
TXN00903,125,407.28,2025-06-11,EUR,Ritika,Active,2025-03-08,2025-06-11,2025-06-11,2025-06-11,84.15,4.839928698752227
TXN00904,187,1207.65,2025-03-06,EUR,Ritika,Inactive,2025-05-31,2025-03-06,2025-03-06,2025-03-06,83.22,14.51153568853641
TXN00905,149,1107.0,2025-03-16,EUR,Manav,Active,2025-03-16,,,,,
TXN00906,123,4766.7,2025-06-17,EUR,Manav,Active,2025-06-21,2025-06-17,2025-06-17,2025-06-17,83.95,56.78022632519357
TXN00907,172,2303.67,2025-03-30,EUR,Yash,Active,2025-06-05,,,,,
TXN00908,160,367.22,2025-01-13,EUR,Arjun,Active,2025-05-06,2025-01-13,2025-01-13,2025-01-13,84.02,4.370626041418711
TXN00909,153,1772.28,2025-03-06,EUR,Arjun,Inactive,2025-04-06,2025-03-06,2025-03-06,2025-03-06,83.22,21.29632299927902
TXN00910,199,819.09,2025-01-14,EUR,Aakash,Active,2025-04-17,2025-01-14,2025-01-14,2025-01-14,84.89,9.648839674873367
TXN00911,181,886.21,2025-02-20,EUR,Rahul,Active,2025-05-21,2025-02-20,2025-02-20,2025-02-20,84.33,10.508834341278313
TXN00912,116,2897.32,2025-05-24,EUR,Rohan,Active,2025-01-11,,,,,
TXN00913,137,4532.66,2025-05-27,EUR,Aakash,Inactive,2025-03-14,2025-05-27,2025-05-27,2025-05-27,83.58,54.23139507059105
TXN00914,173,3291.04,2025-05-29,EUR,Dev,Active,2025-04-19,2025-05-29,2025-05-29,2025-05-29,83.21,39.55101550294436
TXN00915,128,4948.94,2025-06-12,EUR,Vikas,Inactive,2025-01-11,2025-06-12,2025-06-12,2025-06-12,84.97,58.2433800164764
TXN00916,170,1264.36,2025-06-29,EUR,Neha,Active,2025-06-28,,,,,
TXN00917,158,470.27,2025-06-29,EUR,Yash,Active,2025-03-07,,,,,
TXN00918,110,4810.43,2025-05-12,EUR,Karan,Inactive,2025-03-22,2025-05-12,2025-05-12,2025-05-12,84.6,56.860874704491735
TXN00919,138,2039.38,2025-02-21,EUR,Vikas,Active,2025-05-24,2025-02-21,2025-02-21,2025-02-21,83.67,24.37408868172583
TXN00920,106,2831.68,2025-01-01,EUR,Karan,Inactive,2025-03-11,2025-01-01,2025-01-01,2025-01-01,83.68,33.83938814531548
TXN00921,146,3869.71,2025-02-25,EUR,Nisha,Inactive,2025-06-23,2025-02-25,2025-02-25,2025-02-25,84.55,45.768302779420466
TXN00922,187,1939.05,2025-02-15,EUR,Ritika,Inactive,2025-05-31,,,,,
TXN00923,101,4786.51,2025-04-17,EUR,Vikas,Active,2025-05-13,2025-04-17,2025-04-17,2025-04-17,83.05,57.63407585791692
TXN00924,112,2225.21,2025-03-07,EUR,Rahul,Active,2025-03-25,2025-03-07,2025-03-07,2025-03-07,84.5,26.333846153846153
TXN00925,112,1523.61,2025-05-08,EUR,Rahul,Active,2025-03-25,2025-05-08,2025-05-08,2025-05-08,84.02,18.133896691263985
TXN00926,183,2287.38,2025-04-08,EUR,Nisha,Active,2025-01-11,2025-04-08,2025-04-08,2025-04-08,84.13,27.188636633781055
TXN00927,140,984.61,2025-01-02,EUR,Amit,Active,2025-04-18,2025-01-02,2025-01-02,2025-01-02,83.25,11.827147147147148
TXN00928,124,2318.35,2025-03-01,EUR,Meera,Inactive,2025-01-29,,,,,
TXN00929,138,4847.26,2025-03-30,EUR,Vikas,Active,2025-05-24,,,,,
TXN00930,113,2922.97,2025-04-18,EUR,Meera,Active,2025-04-29,2025-04-18,2025-04-18,2025-04-18,83.41,35.04340007193382
TXN00931,169,1944.26,2025-06-01,EUR,Neha,Active,2025-01-21,,,,,
TXN00932,174,344.58,2025-05-31,EUR,Pooja,Active,2025-04-20,,,,,
TXN00933,147,1949.43,2025-01-08,EUR,Nisha,Active,2025-06-15,2025-01-08,2025-01-08,2025-01-08,84.05,23.193694229625226
TXN00934,136,1452.11,2025-02-14,EUR,Anjali,Inactive,2025-01-03,2025-02-14,2025-02-14,2025-02-14,83.57,17.37597223884169
TXN00935,114,3454.59,2025-04-04,EUR,Manav,Inactive,2025-04-28,2025-04-04,2025-04-04,2025-04-04,83.52,41.36242816091954
TXN00936,145,3423.36,2025-05-22,EUR,Isha,Active,2025-03-04,2025-05-22,2025-05-22,2025-05-22,83.64,40.92969870875179
TXN00937,135,1687.2,2025-06-16,EUR,Rahul,Active,2025-03-17,2025-06-16,2025-06-16,2025-06-16,83.79,20.136054421768705
TXN00938,154,2026.45,2025-02-08,EUR,Rohan,Inactive,2025-04-09,,,,,
TXN00939,153,1506.15,2025-05-28,EUR,Arjun,Inactive,2025-04-06,2025-05-28,2025-05-28,2025-05-28,83.23,18.096239336777604
TXN00940,117,3960.09,2025-06-01,EUR,Nisha,Inactive,2025-05-25,,,,,
TXN00941,105,387.7,2025-01-26,EUR,Amit,Active,2025-05-05,,,,,
TXN00942,179,3232.56,2025-02-17,EUR,Dev,Inactive,2025-03-04,2025-02-17,2025-02-17,2025-02-17,83.5,38.71329341317365
TXN00943,145,3854.08,2025-02-11,EUR,Isha,Active,2025-03-04,2025-02-11,2025-02-11,2025-02-11,83.53,46.14006943613073
TXN00944,148,3917.23,2025-01-04,EUR,Neha,Inactive,2025-02-15,,,,,
TXN00945,190,1171.99,2025-06-11,EUR,Karan,Inactive,2025-03-07,2025-06-11,2025-06-11,2025-06-11,84.15,13.92739156268568
TXN00946,145,3054.63,2025-01-08,EUR,Isha,Active,2025-03-04,2025-01-08,2025-01-08,2025-01-08,84.05,36.343010113027965
TXN00947,151,4724.54,2025-01-07,EUR,Kriti,Active,2025-02-09,2025-01-07,2025-01-07,2025-01-07,84.17,56.13092550790068
TXN00948,106,990.43,2025-04-12,EUR,Karan,Inactive,2025-03-11,,,,,
TXN00949,186,2196.98,2025-04-24,EUR,Pooja,Inactive,2025-06-26,2025-04-24,2025-04-24,2025-04-24,84.78,25.91389478650625
TXN00950,145,3464.85,2025-02-07,EUR,Isha,Active,2025-03-04,2025-02-07,2025-02-07,2025-02-07,84.17,41.16490436022335
TXN00951,120,3744.03,2025-05-13,EUR,Amit,Inactive,2025-01-23,2025-05-13,2025-05-13,2025-05-13,84.5,44.30804733727811
TXN00952,179,3234.72,2025-05-01,EUR,Dev,Inactive,2025-03-04,2025-05-01,2025-05-01,2025-05-01,83.55,38.71597845601436
TXN00953,139,3505.48,2025-04-11,EUR,Ritika,Active,2025-03-30,2025-04-11,2025-04-11,2025-04-11,84.79,41.343082910720604
TXN00954,147,3575.68,2025-06-03,EUR,Nisha,Active,2025-06-15,2025-06-03,2025-06-03,2025-06-03,84.29,42.42116502550717
TXN00955,189,4695.27,2025-05-06,EUR,Yash,Inactive,2025-04-10,2025-05-06,2025-05-06,2025-05-06,84.84,55.342644978783596
TXN00956,163,4235.65,2025-06-08,EUR,Rahul,Active,2025-03-21,,,,,
TXN00957,136,785.6,2025-06-23,EUR,Anjali,Inactive,2025-01-03,2025-06-23,2025-06-23,2025-06-23,83.26,9.435503242853711
TXN00958,175,3772.29,2025-06-30,EUR,Isha,Inactive,2025-03-23,2025-06-30,2025-06-30,2025-06-30,84.71,44.53181442568764
TXN00959,150,3132.93,2025-04-19,EUR,Anjali,Active,2025-04-28,,,,,
TXN00960,130,366.86,2025-05-09,EUR,Aakash,Inactive,2025-06-17,2025-05-09,2025-05-09,2025-05-09,83.73,4.381464230263943
TXN00961,165,1466.85,2025-06-07,EUR,Karan,Inactive,2025-02-19,,,,,
TXN00962,177,364.02,2025-02-13,EUR,Sneha,Inactive,2025-02-14,2025-02-13,2025-02-13,2025-02-13,84.62,4.301819900732687
TXN00963,146,3891.17,2025-06-07,EUR,Nisha,Inactive,2025-06-23,,,,,
TXN00964,133,1268.5,2025-04-06,EUR,Meera,Inactive,2025-01-20,,,,,
TXN00965,162,1238.09,2025-04-12,EUR,Karan,Active,2025-06-23,,,,,
TXN00966,149,1084.07,2025-03-13,EUR,Manav,Active,2025-03-16,2025-03-13,2025-03-13,2025-03-13,84.49,12.830749201088887
TXN00967,141,4846.08,2025-01-01,EUR,Ritika,Active,2025-05-02,2025-01-01,2025-01-01,2025-01-01,83.68,57.912045889101336
TXN00968,175,2429.61,2025-05-19,EUR,Isha,Inactive,2025-03-23,2025-05-19,2025-05-19,2025-05-19,84.85,28.63417796110784
TXN00969,164,3628.55,2025-05-13,EUR,Dev,Inactive,2025-03-03,2025-05-13,2025-05-13,2025-05-13,84.5,42.941420118343196
TXN00970,158,4707.28,2025-03-14,EUR,Yash,Active,2025-03-07,2025-03-14,2025-03-14,2025-03-14,83.25,56.5439039039039
TXN00971,172,674.12,2025-01-16,EUR,Yash,Active,2025-06-05,2025-01-16,2025-01-16,2025-01-16,83.1,8.112154031287606
TXN00972,152,3080.01,2025-02-27,EUR,Vikas,Inactive,2025-03-17,2025-02-27,2025-02-27,2025-02-27,84.03,36.653695108889686
TXN00973,185,4121.14,2025-01-01,EUR,Rahul,Inactive,2025-02-04,2025-01-01,2025-01-01,2025-01-01,83.68,49.24880497131931
TXN00974,134,1643.73,2025-01-27,EUR,Isha,Active,2025-03-11,2025-01-27,2025-01-27,2025-01-27,84.07,19.55192101819912
TXN00975,137,1512.86,2025-04-15,EUR,Aakash,Inactive,2025-03-14,2025-04-15,2025-04-15,2025-04-15,83.01,18.22503312853873
TXN00976,185,1262.19,2025-02-09,EUR,Rahul,Inactive,2025-02-04,,,,,
TXN00977,111,136.67,2025-01-11,EUR,Priya,Active,2025-06-12,,,,,
TXN00978,106,4033.06,2025-03-08,EUR,Karan,Inactive,2025-03-11,,,,,
TXN00979,149,1467.86,2025-01-26,EUR,Manav,Active,2025-03-16,,,,,
TXN00980,111,2530.51,2025-03-30,EUR,Priya,Active,2025-06-12,,,,,
TXN00981,188,1212.12,2025-03-11,EUR,Amit,Active,2025-03-20,2025-03-11,2025-03-11,2025-03-11,84.24,14.38888888888889
TXN00982,172,683.95,2025-03-27,EUR,Yash,Active,2025-06-05,2025-03-27,2025-03-27,2025-03-27,84.95,8.051206592113008
TXN00983,105,3969.75,2025-06-21,EUR,Amit,Active,2025-05-05,,,,,
TXN00984,136,2237.3,2025-03-05,EUR,Anjali,Inactive,2025-01-03,2025-03-05,2025-03-05,2025-03-05,83.34,26.845452363810896
TXN00985,159,3697.88,2025-04-15,EUR,Arjun,Active,2025-04-03,2025-04-15,2025-04-15,2025-04-15,83.01,44.54740392723768
TXN00986,179,3574.25,2025-04-22,EUR,Dev,Inactive,2025-03-04,2025-04-22,2025-04-22,2025-04-22,83.35,42.88242351529694
TXN00987,185,2309.37,2025-05-27,EUR,Rahul,Inactive,2025-02-04,2025-05-27,2025-05-27,2025-05-27,83.58,27.630653266331656
TXN00988,167,2083.27,2025-03-05,EUR,Pooja,Active,2025-01-08,2025-03-05,2025-03-05,2025-03-05,83.34,24.997240220782338
TXN00989,144,34.55,2025-04-19,EUR,Yash,Active,2025-03-26,,,,,
TXN00990,179,2180.97,2025-06-24,EUR,Dev,Inactive,2025-03-04,2025-06-24,2025-06-24,2025-06-24,83.32,26.1758281325012
TXN00991,198,3196.12,2025-05-31,EUR,Priya,Inactive,2025-06-02,,,,,
TXN00992,169,1736.5,2025-04-20,EUR,Neha,Active,2025-01-21,,,,,
TXN00993,113,395.12,2025-05-03,EUR,Meera,Active,2025-04-29,,,,,
TXN00994,121,411.42,2025-02-13,EUR,Manav,Active,2025-06-20,2025-02-13,2025-02-13,2025-02-13,84.62,4.86197116520917
TXN00995,179,4861.49,2025-03-19,EUR,Dev,Inactive,2025-03-04,2025-03-19,2025-03-19,2025-03-19,84.86,57.28835729436719
TXN00996,195,2568.67,2025-05-06,EUR,Karan,Active,2025-02-09,2025-05-06,2025-05-06,2025-05-06,84.84,30.276638378123526
TXN00997,182,3574.17,2025-03-30,EUR,Amit,Active,2025-06-28,,,,,
TXN00998,192,3909.16,2025-05-06,EUR,Isha,Inactive,2025-06-03,2025-05-06,2025-05-06,2025-05-06,84.84,46.07685054219707
TXN00999,188,224.55,2025-03-10,EUR,Amit,Active,2025-03-20,2025-03-10,2025-03-10,2025-03-10,83.69,2.683116262396941
TXN01000,161,4462.29,2025-04-11,EUR,Aakash,Active,2025-01-09,2025-04-11,2025-04-11,2025-04-11,84.79,52.627550418681444
TXN01001,147,4808.5,2025-04-08,EUR,Nisha,Active,2025-06-15,2025-04-08,2025-04-08,2025-04-08,84.13,57.15559253536194
TXN01002,110,886.45,2025-01-21,EUR,Karan,Inactive,2025-03-22,2025-01-21,2025-01-21,2025-01-21,84.12,10.53792201616738
TXN01003,145,2082.93,2025-03-03,EUR,Isha,Active,2025-03-04,2025-03-03,2025-03-03,2025-03-03,84.38,24.685114956150745
TXN01004,142,4979.0,2025-03-28,EUR,Amit,Inactive,2025-03-20,2025-03-28,2025-03-28,2025-03-28,83.78,59.42945810455956
TXN01005,190,3067.13,2025-05-20,EUR,Karan,Inactive,2025-03-07,2025-05-20,2025-05-20,2025-05-20,83.33,36.80703228129126
TXN01006,196,3436.73,2025-06-17,EUR,Nisha,Inactive,2025-04-24,2025-06-17,2025-06-17,2025-06-17,83.95,40.93782013103037
TXN01007,123,4317.81,2025-02-25,EUR,Manav,Active,2025-06-21,2025-02-25,2025-02-25,2025-02-25,84.55,51.06812536960379
TXN01008,103,1573.3,2025-01-23,EUR,Aakash,Inactive,2025-06-19,2025-01-23,2025-01-23,2025-01-23,83.06,18.941728870695883
TXN01009,127,4159.42,2025-05-10,EUR,Isha,Inactive,2025-04-05,,,,,
TXN01010,122,4323.55,2025-01-17,EUR,Rahul,Active,2025-04-30,2025-01-17,2025-01-17,2025-01-17,84.59,51.11183355006502
TXN01011,195,2679.94,2025-03-28,EUR,Karan,Active,2025-02-09,2025-03-28,2025-03-28,2025-03-28,83.78,31.987825256624493
TXN01012,194,3345.02,2025-04-15,EUR,Aakash,Inactive,2025-02-24,2025-04-15,2025-04-15,2025-04-15,83.01,40.29659077219612
TXN01013,113,686.24,2025-04-26,EUR,Meera,Active,2025-04-29,,,,,
TXN01014,181,3910.5,2025-01-16,EUR,Rahul,Active,2025-05-21,2025-01-16,2025-01-16,2025-01-16,83.1,47.057761732851986
TXN01015,189,3330.59,2025-03-02,EUR,Yash,Inactive,2025-04-10,,,,,
TXN01016,160,1440.01,2025-05-25,EUR,Arjun,Active,2025-05-06,,,,,
TXN01017,104,2022.21,2025-04-02,EUR,Priya,Active,2025-06-19,2025-04-02,2025-04-02,2025-04-02,84.56,23.91449858088931
TXN01018,114,254.22,2025-04-06,EUR,Manav,Inactive,2025-04-28,,,,,
TXN01019,171,892.17,2025-01-01,EUR,Pooja,Inactive,2025-03-06,2025-01-01,2025-01-01,2025-01-01,83.68,10.661687380497131
TXN01020,107,2396.19,2025-01-29,EUR,Ritika,Inactive,2025-05-18,2025-01-29,2025-01-29,2025-01-29,84.37,28.400971909446486
TXN01021,148,3378.71,2025-02-08,EUR,Neha,Inactive,2025-02-15,,,,,
TXN01022,120,2435.43,2025-05-28,EUR,Amit,Inactive,2025-01-23,2025-05-28,2025-05-28,2025-05-28,83.23,29.261444190796585
TXN01023,175,4355.46,2025-05-15,EUR,Isha,Inactive,2025-03-23,2025-05-15,2025-05-15,2025-05-15,83.8,51.974463007159905
TXN01024,176,2131.99,2025-05-05,EUR,Karan,Active,2025-03-21,2025-05-05,2025-05-05,2025-05-05,84.3,25.29051008303677
TXN01025,158,3432.07,2025-01-26,EUR,Yash,Active,2025-03-07,,,,,
TXN01026,173,3689.37,2025-01-19,EUR,Dev,Active,2025-04-19,,,,,
TXN01027,193,559.82,2025-01-25,EUR,Kriti,Active,2025-06-12,,,,,
TXN01028,173,3330.37,2025-05-09,EUR,Dev,Active,2025-04-19,2025-05-09,2025-05-09,2025-05-09,83.73,39.77511047414308
TXN01029,105,4140.87,2025-01-15,EUR,Amit,Active,2025-05-05,2025-01-15,2025-01-15,2025-01-15,84.52,48.99278277330809
TXN01030,126,1629.36,2025-03-02,EUR,Nisha,Inactive,2025-04-28,,,,,
TXN01031,142,1942.38,2025-05-24,EUR,Amit,Inactive,2025-03-20,,,,,
TXN01032,169,3900.52,2025-02-19,EUR,Neha,Active,2025-01-21,2025-02-19,2025-02-19,2025-02-19,84.32,46.25853889943075
TXN01033,133,4860.85,2025-03-04,EUR,Meera,Inactive,2025-01-20,2025-03-04,2025-03-04,2025-03-04,84.73,57.36870057830757
TXN01034,121,4081.27,2025-05-02,EUR,Manav,Active,2025-06-20,2025-05-02,2025-05-02,2025-05-02,83.21,49.047830789568565
TXN01035,177,1789.47,2025-05-18,EUR,Sneha,Inactive,2025-02-14,,,,,
TXN01036,150,1875.72,2025-05-08,EUR,Anjali,Active,2025-04-28,2025-05-08,2025-05-08,2025-05-08,84.02,22.324684598905023
TXN01037,168,4434.55,2025-03-06,EUR,Sneha,Inactive,2025-06-28,2025-03-06,2025-03-06,2025-03-06,83.22,53.28707041576544
TXN01038,158,1897.76,2025-05-04,EUR,Yash,Active,2025-03-07,,,,,
TXN01039,189,2206.33,2025-03-06,EUR,Yash,Inactive,2025-04-10,2025-03-06,2025-03-06,2025-03-06,83.22,26.512016342225426
TXN01040,130,4332.07,2025-05-15,EUR,Aakash,Inactive,2025-06-17,2025-05-15,2025-05-15,2025-05-15,83.8,51.6953460620525
TXN01041,138,3392.27,2025-02-13,EUR,Vikas,Active,2025-05-24,2025-02-13,2025-02-13,2025-02-13,84.62,40.088277003072555
TXN01042,148,575.69,2025-06-29,EUR,Neha,Inactive,2025-02-15,,,,,
TXN01043,137,4884.22,2025-06-18,EUR,Aakash,Inactive,2025-03-14,2025-06-18,2025-06-18,2025-06-18,84.08,58.09015223596575
TXN01044,109,4380.83,2025-03-11,EUR,Aakash,Active,2025-01-19,2025-03-11,2025-03-11,2025-03-11,84.24,52.004154795821464
TXN01045,173,2038.0,2025-02-19,EUR,Dev,Active,2025-04-19,2025-02-19,2025-02-19,2025-02-19,84.32,24.169829222011387
TXN01046,158,3310.0,2025-04-26,EUR,Yash,Active,2025-03-07,,,,,
TXN01047,163,2967.89,2025-06-03,EUR,Rahul,Active,2025-03-21,2025-06-03,2025-06-03,2025-06-03,84.29,35.21046387471823
TXN01048,163,452.3,2025-04-25,EUR,Rahul,Active,2025-03-21,2025-04-25,2025-04-25,2025-04-25,84.26,5.36790885354854
TXN01049,189,3558.49,2025-06-13,EUR,Yash,Inactive,2025-04-10,2025-06-13,2025-06-13,2025-06-13,84.55,42.08740390301597
TXN01050,147,2763.25,2025-01-14,EUR,Nisha,Active,2025-06-15,2025-01-14,2025-01-14,2025-01-14,84.89,32.550948286017196
TXN01051,166,1604.7,2025-04-15,EUR,Arjun,Active,2025-03-10,2025-04-15,2025-04-15,2025-04-15,83.01,19.331405854716298
TXN01052,185,2275.38,2025-06-12,EUR,Rahul,Inactive,2025-02-04,2025-06-12,2025-06-12,2025-06-12,84.97,26.778627750970934
TXN01053,190,3651.33,2025-02-25,EUR,Karan,Inactive,2025-03-07,2025-02-25,2025-02-25,2025-02-25,84.55,43.18545239503253
TXN01054,163,4336.25,2025-04-25,EUR,Rahul,Active,2025-03-21,2025-04-25,2025-04-25,2025-04-25,84.26,51.46273439354379
TXN01055,152,400.86,2025-04-21,EUR,Vikas,Inactive,2025-03-17,2025-04-21,2025-04-21,2025-04-21,83.42,4.805322464636778
TXN01056,108,743.89,2025-04-04,EUR,Isha,Inactive,2025-05-18,2025-04-04,2025-04-04,2025-04-04,83.52,8.906728927203066
TXN01057,195,1824.17,2025-01-14,EUR,Karan,Active,2025-02-09,2025-01-14,2025-01-14,2025-01-14,84.89,21.48863234774414
TXN01058,114,2094.21,2025-06-10,EUR,Manav,Inactive,2025-04-28,2025-06-10,2025-06-10,2025-06-10,84.34,24.830566753616313
TXN01059,139,3452.12,2025-04-27,EUR,Ritika,Active,2025-03-30,,,,,
TXN01060,161,1731.67,2025-06-30,EUR,Aakash,Active,2025-01-09,2025-06-30,2025-06-30,2025-06-30,84.71,20.442332664384374
TXN01061,140,2202.21,2025-03-16,EUR,Amit,Active,2025-04-18,,,,,
TXN01062,180,3562.28,2025-01-19,EUR,Rahul,Active,2025-05-26,,,,,
TXN01063,113,4401.5,2025-03-30,EUR,Meera,Active,2025-04-29,,,,,
TXN01064,193,4832.14,2025-01-28,EUR,Kriti,Active,2025-06-12,2025-01-28,2025-01-28,2025-01-28,84.34,57.293573630543044
TXN01065,182,3518.22,2025-05-06,EUR,Amit,Active,2025-06-28,2025-05-06,2025-05-06,2025-05-06,84.84,41.46888260254597
TXN01066,191,3205.98,2025-04-21,EUR,Rohan,Inactive,2025-02-15,2025-04-21,2025-04-21,2025-04-21,83.42,38.43179093742508
TXN01067,125,498.89,2025-05-24,EUR,Ritika,Active,2025-03-08,,,,,
TXN01068,107,3862.93,2025-05-09,EUR,Ritika,Inactive,2025-05-18,2025-05-09,2025-05-09,2025-05-09,83.73,46.13555475934551
TXN01069,165,1930.59,2025-04-04,EUR,Karan,Inactive,2025-02-19,2025-04-04,2025-04-04,2025-04-04,83.52,23.115301724137932
TXN01070,126,785.26,2025-04-21,EUR,Nisha,Inactive,2025-04-28,2025-04-21,2025-04-21,2025-04-21,83.42,9.413330136657876
TXN01071,144,679.66,2025-02-10,EUR,Yash,Active,2025-03-26,2025-02-10,2025-02-10,2025-02-10,84.2,8.071971496437055
TXN01072,179,4216.58,2025-05-24,EUR,Dev,Inactive,2025-03-04,,,,,
TXN01073,153,1806.87,2025-01-05,EUR,Arjun,Inactive,2025-04-06,,,,,
TXN01074,137,3824.96,2025-04-09,EUR,Aakash,Inactive,2025-03-14,2025-04-09,2025-04-09,2025-04-09,84.97,45.01541720607273
TXN01075,168,3255.2,2025-02-03,EUR,Sneha,Inactive,2025-06-28,2025-02-03,2025-02-03,2025-02-03,83.93,38.78470153699511
TXN01076,188,2612.52,2025-05-07,EUR,Amit,Active,2025-03-20,2025-05-07,2025-05-07,2025-05-07,84.84,30.79349363507779
TXN01077,119,3928.07,2025-03-18,EUR,Karan,Inactive,2025-01-05,2025-03-18,2025-03-18,2025-03-18,84.12,46.69602948169282
TXN01078,101,4576.0,2025-06-04,EUR,Vikas,Active,2025-05-13,2025-06-04,2025-06-04,2025-06-04,84.9,53.898704358068315
TXN01079,119,1223.06,2025-03-08,EUR,Karan,Inactive,2025-01-05,,,,,
TXN01080,132,3461.87,2025-02-03,EUR,Amit,Inactive,2025-04-26,2025-02-03,2025-02-03,2025-02-03,83.93,41.24711068747766
TXN01081,190,133.94,2025-04-29,EUR,Karan,Inactive,2025-03-07,2025-04-29,2025-04-29,2025-04-29,84.03,1.593954540045222
TXN01082,158,1117.25,2025-02-26,EUR,Yash,Active,2025-03-07,2025-02-26,2025-02-26,2025-02-26,83.93,13.311688311688311
TXN01083,175,3858.35,2025-01-16,EUR,Isha,Inactive,2025-03-23,2025-01-16,2025-01-16,2025-01-16,83.1,46.43020457280385
TXN01084,112,1791.3,2025-02-16,EUR,Rahul,Active,2025-03-25,,,,,
TXN01085,197,2512.86,2025-03-20,EUR,Aakash,Active,2025-06-05,2025-03-20,2025-03-20,2025-03-20,84.53,29.727434047083875
TXN01086,161,997.31,2025-05-17,EUR,Aakash,Active,2025-01-09,,,,,
TXN01087,172,3329.58,2025-02-17,EUR,Yash,Active,2025-06-05,2025-02-17,2025-02-17,2025-02-17,83.5,39.87520958083832
TXN01088,195,1219.78,2025-05-07,EUR,Karan,Active,2025-02-09,2025-05-07,2025-05-07,2025-05-07,84.84,14.377416313059877
TXN01089,184,1921.46,2025-04-12,EUR,Meera,Inactive,2025-06-02,,,,,
TXN01090,175,2526.34,2025-04-04,EUR,Isha,Inactive,2025-03-23,2025-04-04,2025-04-04,2025-04-04,83.52,30.248323754789276
TXN01091,108,3156.43,2025-01-27,EUR,Isha,Inactive,2025-05-18,2025-01-27,2025-01-27,2025-01-27,84.07,37.545259902462234
TXN01092,144,531.79,2025-04-11,EUR,Yash,Active,2025-03-26,2025-04-11,2025-04-11,2025-04-11,84.79,6.2718480952942555
TXN01093,123,104.9,2025-05-02,EUR,Manav,Active,2025-06-21,2025-05-02,2025-05-02,2025-05-02,83.21,1.2606657853623364
TXN01094,179,3747.56,2025-04-29,EUR,Dev,Inactive,2025-03-04,2025-04-29,2025-04-29,2025-04-29,84.03,44.597881708913484
TXN01095,166,903.25,2025-01-22,EUR,Arjun,Active,2025-03-10,2025-01-22,2025-01-22,2025-01-22,84.89,10.640240310990693
TXN01096,136,2145.72,2025-03-06,EUR,Anjali,Inactive,2025-01-03,2025-03-06,2025-03-06,2025-03-06,83.22,25.783705839942318
TXN01097,172,78.66,2025-05-27,EUR,Yash,Active,2025-06-05,2025-05-27,2025-05-27,2025-05-27,83.58,0.9411342426417804
TXN01098,164,3685.99,2025-03-11,EUR,Dev,Inactive,2025-03-03,2025-03-11,2025-03-11,2025-03-11,84.24,43.75581671415005
TXN01099,185,4143.14,2025-06-18,EUR,Rahul,Inactive,2025-02-04,2025-06-18,2025-06-18,2025-06-18,84.08,49.27616555661275
TXN01100,194,4748.16,2025-03-28,EUR,Aakash,Inactive,2025-02-24,2025-03-28,2025-03-28,2025-03-28,83.78,56.67414657436142
TXN01101,134,4043.98,2025-02-13,EUR,Isha,Active,2025-03-11,2025-02-13,2025-02-13,2025-02-13,84.62,47.78988418813519
TXN01102,186,3927.57,2025-05-28,EUR,Pooja,Inactive,2025-06-26,2025-05-28,2025-05-28,2025-05-28,83.23,47.18935479995194
TXN01103,141,4950.6,2025-02-13,EUR,Ritika,Active,2025-05-02,2025-02-13,2025-02-13,2025-02-13,84.62,58.50389978728433
TXN01104,146,1235.24,2025-04-06,EUR,Nisha,Inactive,2025-06-23,,,,,
TXN01105,122,3739.36,2025-01-26,EUR,Rahul,Active,2025-04-30,,,,,
TXN01106,101,1782.8,2025-05-05,EUR,Vikas,Active,2025-05-13,2025-05-05,2025-05-05,2025-05-05,84.3,21.148279952550414
TXN01107,101,3788.45,2025-06-18,EUR,Vikas,Active,2025-05-13,2025-06-18,2025-06-18,2025-06-18,84.08,45.05768315889629
TXN01108,130,922.2,2025-04-28,EUR,Aakash,Inactive,2025-06-17,2025-04-28,2025-04-28,2025-04-28,83.9,10.991656734207389
TXN01109,143,4564.62,2025-02-17,EUR,Meera,Inactive,2025-05-22,2025-02-17,2025-02-17,2025-02-17,83.5,54.666107784431134
TXN01110,196,2467.89,2025-05-13,EUR,Nisha,Inactive,2025-04-24,2025-05-13,2025-05-13,2025-05-13,84.5,29.205798816568045
TXN01111,158,4127.74,2025-02-16,EUR,Yash,Active,2025-03-07,,,,,
TXN01112,135,2324.13,2025-01-21,EUR,Rahul,Active,2025-03-17,2025-01-21,2025-01-21,2025-01-21,84.12,27.628744650499286
TXN01113,179,817.44,2025-05-11,EUR,Dev,Inactive,2025-03-04,,,,,
TXN01114,135,2832.89,2025-03-13,EUR,Rahul,Active,2025-03-17,2025-03-13,2025-03-13,2025-03-13,84.49,33.52929340750385
TXN01115,179,4252.98,2025-05-11,EUR,Dev,Inactive,2025-03-04,,,,,
TXN01116,104,1377.14,2025-02-19,EUR,Priya,Active,2025-06-19,2025-02-19,2025-02-19,2025-02-19,84.32,16.332305502846303
TXN01117,131,4515.69,2025-06-08,EUR,Vikas,Active,2025-02-02,,,,,
TXN01118,167,3996.18,2025-06-08,EUR,Pooja,Active,2025-01-08,,,,,
TXN01119,184,1541.72,2025-01-22,EUR,Meera,Inactive,2025-06-02,2025-01-22,2025-01-22,2025-01-22,84.89,18.161385322181648
TXN01120,149,383.05,2025-05-27,EUR,Manav,Active,2025-03-16,2025-05-27,2025-05-27,2025-05-27,83.58,4.583034218712611
TXN01121,101,959.45,2025-05-26,EUR,Vikas,Active,2025-05-13,2025-05-26,2025-05-26,2025-05-26,84.66,11.33297897472242
TXN01122,121,3094.86,2025-01-09,EUR,Manav,Active,2025-06-20,2025-01-09,2025-01-09,2025-01-09,84.09,36.80413842311809
TXN01123,117,2980.41,2025-05-19,EUR,Nisha,Inactive,2025-05-25,2025-05-19,2025-05-19,2025-05-19,84.85,35.12563347083088
TXN01124,144,3519.38,2025-02-25,EUR,Yash,Active,2025-03-26,2025-02-25,2025-02-25,2025-02-25,84.55,41.62483737433472
TXN01125,164,1324.34,2025-01-16,EUR,Dev,Inactive,2025-03-03,2025-01-16,2025-01-16,2025-01-16,83.1,15.936702767749699
TXN01126,195,2617.14,2025-03-16,EUR,Karan,Active,2025-02-09,,,,,
TXN01127,111,4845.23,2025-06-15,EUR,Priya,Active,2025-06-12,,,,,
TXN01128,165,3803.64,2025-01-28,EUR,Karan,Inactive,2025-02-19,2025-01-28,2025-01-28,2025-01-28,84.34,45.098885463599714
TXN01129,130,3711.66,2025-05-28,EUR,Aakash,Inactive,2025-06-17,2025-05-28,2025-05-28,2025-05-28,83.23,44.5952180704073
TXN01130,191,2780.62,2025-04-17,EUR,Rohan,Inactive,2025-02-15,2025-04-17,2025-04-17,2025-04-17,83.05,33.48127633955448
TXN01131,162,2157.58,2025-01-30,EUR,Karan,Active,2025-06-23,2025-01-30,2025-01-30,2025-01-30,83.49,25.84237633249491
TXN01132,139,2289.59,2025-01-17,EUR,Ritika,Active,2025-03-30,2025-01-17,2025-01-17,2025-01-17,84.59,27.066910982385625
TXN01133,135,3208.87,2025-04-12,EUR,Rahul,Active,2025-03-17,,,,,
TXN01134,179,4702.06,2025-06-05,EUR,Dev,Inactive,2025-03-04,2025-06-05,2025-06-05,2025-06-05,83.11,56.576344603537486
TXN01135,164,4918.36,2025-05-13,EUR,Dev,Inactive,2025-03-03,2025-05-13,2025-05-13,2025-05-13,84.5,58.205443786982244
TXN01136,189,4386.96,2025-06-28,EUR,Yash,Inactive,2025-04-10,,,,,
TXN01137,120,248.39,2025-02-19,EUR,Amit,Inactive,2025-01-23,2025-02-19,2025-02-19,2025-02-19,84.32,2.945801707779886
TXN01138,170,1319.98,2025-03-23,EUR,Neha,Active,2025-06-28,,,,,
TXN01139,126,1728.07,2025-06-22,EUR,Nisha,Inactive,2025-04-28,,,,,
TXN01140,103,2741.96,2025-02-02,EUR,Aakash,Inactive,2025-06-19,,,,,
TXN01141,120,2958.17,2025-06-10,EUR,Amit,Inactive,2025-01-23,2025-06-10,2025-06-10,2025-06-10,84.34,35.074341949253025
TXN01142,181,3643.26,2025-04-16,EUR,Rahul,Active,2025-05-21,2025-04-16,2025-04-16,2025-04-16,84.84,42.94271570014144
TXN01143,168,3609.42,2025-02-26,EUR,Sneha,Inactive,2025-06-28,2025-02-26,2025-02-26,2025-02-26,83.93,43.00512331704992
TXN01144,170,1119.63,2025-04-26,EUR,Neha,Active,2025-06-28,,,,,
TXN01145,184,3409.7,2025-06-09,EUR,Meera,Inactive,2025-06-02,2025-06-09,2025-06-09,2025-06-09,83.38,40.89349964020149
TXN01146,193,4012.16,2025-06-19,EUR,Kriti,Active,2025-06-12,2025-06-19,2025-06-19,2025-06-19,84.56,47.44749290444654
TXN01147,162,662.25,2025-06-09,EUR,Karan,Active,2025-06-23,2025-06-09,2025-06-09,2025-06-09,83.38,7.942552170784361
TXN01148,126,4888.92,2025-06-13,EUR,Nisha,Inactive,2025-04-28,2025-06-13,2025-06-13,2025-06-13,84.55,57.822826729745714
TXN01149,128,4625.77,2025-03-15,EUR,Vikas,Inactive,2025-01-11,,,,,
TXN01150,168,4686.94,2025-03-03,EUR,Sneha,Inactive,2025-06-28,2025-03-03,2025-03-03,2025-03-03,84.38,55.5456269258118
TXN01151,192,922.67,2025-03-07,EUR,Isha,Inactive,2025-06-03,2025-03-07,2025-03-07,2025-03-07,84.5,10.919171597633136
TXN01152,154,114.7,2025-02-18,EUR,Rohan,Inactive,2025-04-09,2025-02-18,2025-02-18,2025-02-18,84.77,1.353073021115961
TXN01153,187,3755.84,2025-01-09,EUR,Ritika,Inactive,2025-05-31,2025-01-09,2025-01-09,2025-01-09,84.09,44.664526102984894
TXN01154,152,4858.89,2025-06-19,EUR,Vikas,Inactive,2025-03-17,2025-06-19,2025-06-19,2025-06-19,84.56,57.460856196783354
TXN01155,200,4360.19,2025-03-11,EUR,Karan,Inactive,2025-03-01,2025-03-11,2025-03-11,2025-03-11,84.24,51.75914055080722
TXN01156,160,1330.79,2025-04-11,EUR,Arjun,Active,2025-05-06,2025-04-11,2025-04-11,2025-04-11,84.79,15.695129142587568
TXN01157,121,4075.21,2025-06-29,EUR,Manav,Active,2025-06-20,,,,,
TXN01158,148,4475.08,2025-03-26,EUR,Neha,Inactive,2025-02-15,2025-03-26,2025-03-26,2025-03-26,83.51,53.58735480780744
TXN01159,158,745.99,2025-02-10,EUR,Yash,Active,2025-03-07,2025-02-10,2025-02-10,2025-02-10,84.2,8.859738717339667
TXN01160,121,2938.93,2025-02-20,EUR,Manav,Active,2025-06-20,2025-02-20,2025-02-20,2025-02-20,84.33,34.85034981619827
TXN01161,173,176.9,2025-04-11,EUR,Dev,Active,2025-04-19,2025-04-11,2025-04-11,2025-04-11,84.79,2.0863309352517985
TXN01162,146,381.3,2025-06-07,EUR,Nisha,Inactive,2025-06-23,,,,,
TXN01163,186,256.52,2025-01-27,EUR,Pooja,Inactive,2025-06-26,2025-01-27,2025-01-27,2025-01-27,84.07,3.0512668014749615
TXN01164,155,335.55,2025-05-08,EUR,Karan,Active,2025-03-28,2025-05-08,2025-05-08,2025-05-08,84.02,3.9936919781004527
TXN01165,137,1807.69,2025-01-31,EUR,Aakash,Inactive,2025-03-14,2025-01-31,2025-01-31,2025-01-31,84.98,21.271946340315367
TXN01166,102,3680.44,2025-02-02,EUR,Dev,Active,2025-01-02,,,,,
TXN01167,122,699.62,2025-03-11,EUR,Rahul,Active,2025-04-30,2025-03-11,2025-03-11,2025-03-11,84.24,8.30508072174739
TXN01168,175,2538.28,2025-03-06,EUR,Isha,Inactive,2025-03-23,2025-03-06,2025-03-06,2025-03-06,83.22,30.500841143955782
TXN01169,102,3514.17,2025-01-02,EUR,Dev,Active,2025-01-02,2025-01-02,2025-01-02,2025-01-02,83.25,42.212252252252256
TXN01170,138,1986.52,2025-03-01,EUR,Vikas,Active,2025-05-24,,,,,
TXN01171,193,1670.99,2025-06-18,EUR,Kriti,Active,2025-06-12,2025-06-18,2025-06-18,2025-06-18,84.08,19.873810656517602
TXN01172,106,478.26,2025-04-07,EUR,Karan,Inactive,2025-03-11,2025-04-07,2025-04-07,2025-04-07,83.03,5.760086715644947
TXN01173,158,4755.86,2025-03-24,EUR,Yash,Active,2025-03-07,2025-03-24,2025-03-24,2025-03-24,83.52,56.94276819923372
TXN01174,197,425.35,2025-06-23,EUR,Aakash,Active,2025-06-05,2025-06-23,2025-06-23,2025-06-23,83.26,5.108695652173913
TXN01175,152,2472.89,2025-02-06,EUR,Vikas,Inactive,2025-03-17,2025-02-06,2025-02-06,2025-02-06,84.62,29.22346962892933
TXN01176,123,3035.78,2025-06-22,EUR,Manav,Active,2025-06-21,,,,,
TXN01177,101,3878.49,2025-02-11,EUR,Vikas,Active,2025-05-13,2025-02-11,2025-02-11,2025-02-11,83.53,46.43229977253681
TXN01178,119,1859.48,2025-03-13,EUR,Karan,Inactive,2025-01-05,2025-03-13,2025-03-13,2025-03-13,84.49,22.008285004142504
TXN01179,176,3949.37,2025-03-08,EUR,Karan,Active,2025-03-21,,,,,
TXN01180,125,3555.62,2025-05-18,EUR,Ritika,Active,2025-03-08,,,,,
TXN01181,141,716.73,2025-01-16,EUR,Ritika,Active,2025-05-02,2025-01-16,2025-01-16,2025-01-16,83.1,8.624909747292419
TXN01182,114,927.82,2025-06-12,EUR,Manav,Inactive,2025-04-28,2025-06-12,2025-06-12,2025-06-12,84.97,10.919383311757091
TXN01183,175,840.4,2025-01-22,EUR,Isha,Inactive,2025-03-23,2025-01-22,2025-01-22,2025-01-22,84.89,9.899870420544234
TXN01184,193,3041.63,2025-06-22,EUR,Kriti,Active,2025-06-12,,,,,
TXN01185,142,3435.43,2025-03-09,EUR,Amit,Inactive,2025-03-20,,,,,
TXN01186,138,4874.02,2025-06-25,EUR,Vikas,Active,2025-05-24,2025-06-25,2025-06-25,2025-06-25,84.84,57.44955209806695
TXN01187,187,3898.03,2025-04-28,EUR,Ritika,Inactive,2025-05-31,2025-04-28,2025-04-28,2025-04-28,83.9,46.460429082240765
TXN01188,189,1366.34,2025-02-08,EUR,Yash,Inactive,2025-04-10,,,,,
TXN01189,194,2916.42,2025-01-20,EUR,Aakash,Inactive,2025-02-24,2025-01-20,2025-01-20,2025-01-20,83.33,34.9984399375975
TXN01190,160,2512.9,2025-04-13,EUR,Arjun,Active,2025-05-06,,,,,
TXN01191,170,680.83,2025-03-08,EUR,Neha,Active,2025-06-28,,,,,
TXN01192,119,3058.96,2025-02-27,EUR,Karan,Inactive,2025-01-05,2025-02-27,2025-02-27,2025-02-27,84.03,36.4031893371415
TXN01193,123,142.83,2025-03-11,EUR,Manav,Active,2025-06-21,2025-03-11,2025-03-11,2025-03-11,84.24,1.6955128205128207
TXN01194,124,254.11,2025-01-09,EUR,Meera,Inactive,2025-01-29,2025-01-09,2025-01-09,2025-01-09,84.09,3.0218813176358665
TXN01195,169,2449.24,2025-05-28,EUR,Neha,Active,2025-01-21,2025-05-28,2025-05-28,2025-05-28,83.23,29.427369938724013
TXN01196,177,4090.05,2025-02-11,EUR,Sneha,Inactive,2025-02-14,2025-02-11,2025-02-11,2025-02-11,83.53,48.96504249970071
TXN01197,141,1443.5,2025-06-05,EUR,Ritika,Active,2025-05-02,2025-06-05,2025-06-05,2025-06-05,83.11,17.368547707857058
TXN01198,125,3876.71,2025-02-25,EUR,Ritika,Active,2025-03-08,2025-02-25,2025-02-25,2025-02-25,84.55,45.85109402720284
TXN01199,171,1651.81,2025-01-03,EUR,Pooja,Inactive,2025-03-06,2025-01-03,2025-01-03,2025-01-03,83.71,19.73252896905985
TXN01200,168,4585.95,2025-03-16,EUR,Sneha,Inactive,2025-06-28,,,,,
TXN01201,112,3561.89,2025-02-06,EUR,Rahul,Active,2025-03-25,2025-02-06,2025-02-06,2025-02-06,84.62,42.09276766721815
TXN01202,193,4488.38,2025-04-24,EUR,Kriti,Active,2025-06-12,2025-04-24,2025-04-24,2025-04-24,84.78,52.941495635763154
TXN01203,191,3431.58,2025-03-02,EUR,Rohan,Inactive,2025-02-15,,,,,
TXN01204,104,330.94,2025-04-29,EUR,Priya,Active,2025-06-19,2025-04-29,2025-04-29,2025-04-29,84.03,3.938355349280019
TXN01205,192,3798.11,2025-06-26,EUR,Isha,Inactive,2025-06-03,2025-06-26,2025-06-26,2025-06-26,84.48,44.958688446969695
TXN01206,130,386.11,2025-03-25,EUR,Aakash,Inactive,2025-06-17,2025-03-25,2025-03-25,2025-03-25,83.29,4.635730579901549
TXN01207,150,1934.07,2025-06-14,EUR,Anjali,Active,2025-04-28,,,,,
TXN01208,152,1056.1,2025-06-14,EUR,Vikas,Inactive,2025-03-17,,,,,
TXN01209,120,2629.65,2025-04-19,EUR,Amit,Inactive,2025-01-23,,,,,
TXN01210,133,4751.78,2025-04-08,EUR,Meera,Inactive,2025-01-20,2025-04-08,2025-04-08,2025-04-08,84.13,56.481397836681325
TXN01211,187,4067.7,2025-01-26,EUR,Ritika,Inactive,2025-05-31,,,,,
TXN01212,110,873.88,2025-01-13,EUR,Karan,Inactive,2025-03-22,2025-01-13,2025-01-13,2025-01-13,84.02,10.40085693882409
TXN01213,138,3507.19,2025-06-26,EUR,Vikas,Active,2025-05-24,2025-06-26,2025-06-26,2025-06-26,84.48,41.51503314393939
TXN01214,109,4881.51,2025-01-21,EUR,Aakash,Active,2025-01-19,2025-01-21,2025-01-21,2025-01-21,84.12,58.030313837375175
TXN01215,105,283.09,2025-03-30,EUR,Amit,Active,2025-05-05,,,,,
TXN01216,140,2906.56,2025-04-11,EUR,Amit,Active,2025-04-18,2025-04-11,2025-04-11,2025-04-11,84.79,34.279514093643115
TXN01217,113,1680.16,2025-06-18,EUR,Meera,Active,2025-04-29,2025-06-18,2025-06-18,2025-06-18,84.08,19.982873453853475
TXN01218,156,3271.39,2025-01-07,EUR,Meera,Active,2025-03-02,2025-01-07,2025-01-07,2025-01-07,84.17,38.86646073422835
TXN01219,115,3382.55,2025-02-12,EUR,Kriti,Active,2025-02-20,2025-02-12,2025-02-12,2025-02-12,84.15,40.19667260843731
TXN01220,126,791.88,2025-04-16,EUR,Nisha,Inactive,2025-04-28,2025-04-16,2025-04-16,2025-04-16,84.84,9.333804809052333
TXN01221,160,4257.14,2025-04-28,EUR,Arjun,Active,2025-05-06,2025-04-28,2025-04-28,2025-04-28,83.9,50.740643623361144
TXN01222,105,4844.35,2025-05-15,EUR,Amit,Active,2025-05-05,2025-05-15,2025-05-15,2025-05-15,83.8,57.80847255369929
TXN01223,118,641.47,2025-03-11,EUR,Sneha,Active,2025-03-24,2025-03-11,2025-03-11,2025-03-11,84.24,7.614791073124407
TXN01224,110,920.96,2025-06-02,EUR,Karan,Inactive,2025-03-22,2025-06-02,2025-06-02,2025-06-02,83.58,11.018904044029673
TXN01225,139,2345.11,2025-01-31,EUR,Ritika,Active,2025-03-30,2025-01-31,2025-01-31,2025-01-31,84.98,27.596022593551425
TXN01226,143,753.65,2025-05-28,EUR,Meera,Inactive,2025-05-22,2025-05-28,2025-05-28,2025-05-28,83.23,9.055028235011413
TXN01227,181,2407.14,2025-05-18,EUR,Rahul,Active,2025-05-21,,,,,
TXN01228,120,3860.76,2025-01-18,EUR,Amit,Inactive,2025-01-23,,,,,
TXN01229,118,220.97,2025-03-08,EUR,Sneha,Active,2025-03-24,,,,,
TXN01230,126,3250.13,2025-02-07,EUR,Nisha,Inactive,2025-04-28,2025-02-07,2025-02-07,2025-02-07,84.17,38.613876678151364
TXN01231,151,3979.15,2025-03-11,EUR,Kriti,Active,2025-02-09,2025-03-11,2025-03-11,2025-03-11,84.24,47.23587369420703
TXN01232,141,3764.1,2025-06-28,EUR,Ritika,Active,2025-05-02,,,,,
TXN01233,164,1645.52,2025-02-25,EUR,Dev,Inactive,2025-03-03,2025-02-25,2025-02-25,2025-02-25,84.55,19.462093435836785
TXN01234,190,4182.93,2025-02-05,EUR,Karan,Inactive,2025-03-07,2025-02-05,2025-02-05,2025-02-05,83.88,49.86802575107297
TXN01235,130,3563.81,2025-06-09,EUR,Aakash,Inactive,2025-06-17,2025-06-09,2025-06-09,2025-06-09,83.38,42.74178460062365
TXN01236,105,4627.26,2025-02-11,EUR,Amit,Active,2025-05-05,2025-02-11,2025-02-11,2025-02-11,83.53,55.39638453250329
TXN01237,170,1618.61,2025-06-25,EUR,Neha,Active,2025-06-28,2025-06-25,2025-06-25,2025-06-25,84.84,19.078382838283826
TXN01238,163,4569.25,2025-04-27,EUR,Rahul,Active,2025-03-21,,,,,
TXN01239,140,2099.76,2025-03-30,EUR,Amit,Active,2025-04-18,,,,,
TXN01240,150,1371.09,2025-04-22,EUR,Anjali,Active,2025-04-28,2025-04-22,2025-04-22,2025-04-22,83.35,16.4497900419916
TXN01241,119,2180.03,2025-03-09,EUR,Karan,Inactive,2025-01-05,,,,,
TXN01242,123,529.24,2025-06-11,EUR,Manav,Active,2025-06-21,2025-06-11,2025-06-11,2025-06-11,84.15,6.289245395127748
TXN01243,151,1615.92,2025-04-24,EUR,Kriti,Active,2025-02-09,2025-04-24,2025-04-24,2025-04-24,84.78,19.060155697098374
TXN01244,126,2096.19,2025-06-20,EUR,Nisha,Inactive,2025-04-28,2025-06-20,2025-06-20,2025-06-20,84.39,24.839317454674724
TXN01245,109,834.18,2025-05-03,EUR,Aakash,Active,2025-01-19,,,,,
TXN01246,182,2764.9,2025-04-14,EUR,Amit,Active,2025-06-28,2025-04-14,2025-04-14,2025-04-14,84.69,32.64730192466643
TXN01247,167,1026.76,2025-02-20,EUR,Pooja,Active,2025-01-08,2025-02-20,2025-02-20,2025-02-20,84.33,12.175501007944979
TXN01248,122,2685.72,2025-05-06,EUR,Rahul,Active,2025-04-30,2025-05-06,2025-05-06,2025-05-06,84.84,31.656294200848652
TXN01249,174,2394.95,2025-01-15,EUR,Pooja,Active,2025-04-20,2025-01-15,2025-01-15,2025-01-15,84.52,28.335896829152862
TXN01250,121,3680.88,2025-03-01,EUR,Manav,Active,2025-06-20,,,,,
TXN01251,188,3114.07,2025-03-28,EUR,Amit,Active,2025-03-20,2025-03-28,2025-03-28,2025-03-28,83.78,37.1696108856529
TXN01252,159,4577.99,2025-01-05,EUR,Arjun,Active,2025-04-03,,,,,
TXN01253,111,1829.86,2025-02-08,EUR,Priya,Active,2025-06-12,,,,,
TXN01254,172,576.42,2025-02-22,EUR,Yash,Active,2025-06-05,,,,,
TXN01255,183,984.25,2025-04-05,EUR,Nisha,Active,2025-01-11,,,,,
TXN01256,145,3041.76,2025-01-11,EUR,Isha,Active,2025-03-04,,,,,
TXN01257,157,2388.64,2025-05-25,EUR,Arjun,Active,2025-05-21,,,,,
TXN01258,134,658.92,2025-04-27,EUR,Isha,Active,2025-03-11,,,,,
TXN01259,144,3188.76,2025-06-16,EUR,Yash,Active,2025-03-26,2025-06-16,2025-06-16,2025-06-16,83.79,38.05656999641962
TXN01260,168,303.76,2025-02-21,EUR,Sneha,Inactive,2025-06-28,2025-02-21,2025-02-21,2025-02-21,83.67,3.630452970001195
TXN01261,192,4190.23,2025-02-24,EUR,Isha,Inactive,2025-06-03,2025-02-24,2025-02-24,2025-02-24,84.62,49.518199007326864
TXN01262,125,2566.08,2025-04-12,EUR,Ritika,Active,2025-03-08,,,,,
TXN01263,167,2349.52,2025-01-25,EUR,Pooja,Active,2025-01-08,,,,,
TXN01264,173,4293.28,2025-03-31,EUR,Dev,Active,2025-04-19,2025-03-31,2025-03-31,2025-03-31,84.07,51.067919590817176
TXN01265,130,551.22,2025-02-18,EUR,Aakash,Inactive,2025-06-17,2025-02-18,2025-02-18,2025-02-18,84.77,6.502536274625458
TXN01266,189,224.44,2025-03-28,EUR,Yash,Inactive,2025-04-10,2025-03-28,2025-03-28,2025-03-28,83.78,2.6789209835282883
TXN01267,182,1766.39,2025-05-04,EUR,Amit,Active,2025-06-28,,,,,
TXN01268,108,3569.06,2025-04-07,EUR,Isha,Inactive,2025-05-18,2025-04-07,2025-04-07,2025-04-07,83.03,42.98518607732145
TXN01269,151,4168.49,2025-01-23,EUR,Kriti,Active,2025-02-09,2025-01-23,2025-01-23,2025-01-23,83.06,50.18649169275222
TXN01270,190,4871.78,2025-06-09,EUR,Karan,Inactive,2025-03-07,2025-06-09,2025-06-09,2025-06-09,83.38,58.42863996162149
TXN01271,191,1666.67,2025-04-26,EUR,Rohan,Inactive,2025-02-15,,,,,
TXN01272,126,2896.31,2025-04-25,EUR,Nisha,Inactive,2025-04-28,2025-04-25,2025-04-25,2025-04-25,84.26,34.37348682648943
TXN01273,178,727.23,2025-02-27,EUR,Vikas,Active,2025-05-10,2025-02-27,2025-02-27,2025-02-27,84.03,8.654409139593003
TXN01274,147,3617.21,2025-04-20,EUR,Nisha,Active,2025-06-15,,,,,
TXN01275,111,4186.23,2025-04-20,EUR,Priya,Active,2025-06-12,,,,,
TXN01276,129,4719.13,2025-03-01,EUR,Pooja,Inactive,2025-01-28,,,,,
TXN01277,196,2806.82,2025-06-21,EUR,Nisha,Inactive,2025-04-24,,,,,
TXN01278,176,4409.87,2025-01-17,EUR,Karan,Active,2025-03-21,2025-01-17,2025-01-17,2025-01-17,84.59,52.132285140087475
TXN01279,106,3038.19,2025-05-12,EUR,Karan,Inactive,2025-03-11,2025-05-12,2025-05-12,2025-05-12,84.6,35.91241134751773
TXN01280,125,2336.6,2025-03-21,EUR,Ritika,Active,2025-03-08,2025-03-21,2025-03-21,2025-03-21,84.13,27.773683584928087
TXN01281,166,627.1,2025-03-30,EUR,Arjun,Active,2025-03-10,,,,,
TXN01282,126,2362.75,2025-03-29,EUR,Nisha,Inactive,2025-04-28,,,,,
TXN01283,126,842.46,2025-06-25,EUR,Nisha,Inactive,2025-04-28,2025-06-25,2025-06-25,2025-06-25,84.84,9.92998585572843
TXN01284,183,3077.75,2025-02-11,EUR,Nisha,Active,2025-01-11,2025-02-11,2025-02-11,2025-02-11,83.53,36.846043337722975
TXN01285,157,4016.45,2025-06-19,EUR,Arjun,Active,2025-05-21,2025-06-19,2025-06-19,2025-06-19,84.56,47.498226111636704
TXN01286,116,1665.36,2025-01-30,EUR,Rohan,Active,2025-01-11,2025-01-30,2025-01-30,2025-01-30,83.49,19.946819978440534
TXN01287,164,2434.67,2025-03-08,EUR,Dev,Inactive,2025-03-03,,,,,
TXN01288,108,3737.62,2025-03-12,EUR,Isha,Inactive,2025-05-18,2025-03-12,2025-03-12,2025-03-12,83.2,44.92331730769231
TXN01289,163,615.77,2025-03-14,EUR,Rahul,Active,2025-03-21,2025-03-14,2025-03-14,2025-03-14,83.25,7.396636636636637
TXN01290,165,3654.21,2025-04-07,EUR,Karan,Inactive,2025-02-19,2025-04-07,2025-04-07,2025-04-07,83.03,44.01071901722269
TXN01291,105,4213.37,2025-04-09,EUR,Amit,Active,2025-05-05,2025-04-09,2025-04-09,2025-04-09,84.97,49.58655996233965
TXN01292,126,2891.3,2025-05-15,EUR,Nisha,Inactive,2025-04-28,2025-05-15,2025-05-15,2025-05-15,83.8,34.502386634844875
TXN01293,194,187.58,2025-04-06,EUR,Aakash,Inactive,2025-02-24,,,,,
TXN01294,167,2996.56,2025-04-16,EUR,Pooja,Active,2025-01-08,2025-04-16,2025-04-16,2025-04-16,84.84,35.32013201320132
TXN01295,117,2843.0,2025-04-21,EUR,Nisha,Inactive,2025-05-25,2025-04-21,2025-04-21,2025-04-21,83.42,34.08055622152961
TXN01296,106,212.11,2025-01-11,EUR,Karan,Inactive,2025-03-11,,,,,
TXN01297,130,172.29,2025-05-08,EUR,Aakash,Inactive,2025-06-17,2025-05-08,2025-05-08,2025-05-08,84.02,2.0505831944775053
TXN01298,190,2676.51,2025-03-08,EUR,Karan,Inactive,2025-03-07,,,,,
TXN01299,176,4749.0,2025-06-20,EUR,Karan,Active,2025-03-21,2025-06-20,2025-06-20,2025-06-20,84.39,56.27444009953786
TXN01300,116,903.82,2025-03-31,EUR,Rohan,Active,2025-01-11,2025-03-31,2025-03-31,2025-03-31,84.07,10.750802902343287
TXN01301,113,2754.33,2025-02-09,EUR,Meera,Active,2025-04-29,,,,,
TXN01302,113,3062.53,2025-05-24,EUR,Meera,Active,2025-04-29,,,,,
TXN01303,156,83.59,2025-04-29,EUR,Meera,Active,2025-03-02,2025-04-29,2025-04-29,2025-04-29,84.03,0.9947637748423183
TXN01304,169,2599.58,2025-03-13,EUR,Neha,Active,2025-01-21,2025-03-13,2025-03-13,2025-03-13,84.49,30.767901526807908
TXN01305,142,3220.05,2025-06-08,EUR,Amit,Inactive,2025-03-20,,,,,
TXN01306,126,166.29,2025-02-08,EUR,Nisha,Inactive,2025-04-28,,,,,
TXN01307,155,1467.22,2025-06-09,EUR,Karan,Active,2025-03-28,2025-06-09,2025-06-09,2025-06-09,83.38,17.596785799952027
TXN01308,121,3835.39,2025-02-21,EUR,Manav,Active,2025-06-20,2025-02-21,2025-02-21,2025-02-21,83.67,45.83948846659495
TXN01309,134,1060.18,2025-01-11,EUR,Isha,Active,2025-03-11,,,,,
TXN01310,196,33.84,2025-05-13,EUR,Nisha,Inactive,2025-04-24,2025-05-13,2025-05-13,2025-05-13,84.5,0.40047337278106515
TXN01311,177,2340.01,2025-01-08,EUR,Sneha,Inactive,2025-02-14,2025-01-08,2025-01-08,2025-01-08,84.05,27.840690065437244
TXN01312,135,2678.31,2025-05-26,EUR,Rahul,Active,2025-03-17,2025-05-26,2025-05-26,2025-05-26,84.66,31.63607370659107
TXN01313,118,3335.27,2025-02-24,EUR,Sneha,Active,2025-03-24,2025-02-24,2025-02-24,2025-02-24,84.62,39.41467738123375
TXN01314,113,3447.13,2025-06-26,EUR,Meera,Active,2025-04-29,2025-06-26,2025-06-26,2025-06-26,84.48,40.80409564393939
TXN01315,154,2176.03,2025-06-29,EUR,Rohan,Inactive,2025-04-09,,,,,
TXN01316,113,1815.42,2025-03-18,EUR,Meera,Active,2025-04-29,2025-03-18,2025-03-18,2025-03-18,84.12,21.581312410841655
TXN01317,169,240.28,2025-04-03,EUR,Neha,Active,2025-01-21,2025-04-03,2025-04-03,2025-04-03,84.55,2.8418687167356596
TXN01318,182,4194.79,2025-01-03,EUR,Amit,Active,2025-06-28,2025-01-03,2025-01-03,2025-01-03,83.71,50.11097837773265
TXN01319,160,1839.29,2025-04-01,EUR,Arjun,Active,2025-05-06,2025-04-01,2025-04-01,2025-04-01,83.14,22.122804907385134
TXN01320,164,1821.64,2025-06-08,EUR,Dev,Inactive,2025-03-03,,,,,
TXN01321,129,976.16,2025-01-31,EUR,Pooja,Inactive,2025-01-28,2025-01-31,2025-01-31,2025-01-31,84.98,11.486938103083077
TXN01322,174,1851.12,2025-03-28,EUR,Pooja,Active,2025-04-20,2025-03-28,2025-03-28,2025-03-28,83.78,22.095010742420623
TXN01323,189,3522.07,2025-05-13,EUR,Yash,Inactive,2025-04-10,2025-05-13,2025-05-13,2025-05-13,84.5,41.68130177514793
TXN01324,135,607.41,2025-01-18,EUR,Rahul,Active,2025-03-17,,,,,
TXN01325,130,1552.74,2025-03-16,EUR,Aakash,Inactive,2025-06-17,,,,,
TXN01326,161,2185.76,2025-05-28,EUR,Aakash,Active,2025-01-09,2025-05-28,2025-05-28,2025-05-28,83.23,26.261684488766072
TXN01327,161,4490.42,2025-04-29,EUR,Aakash,Active,2025-01-09,2025-04-29,2025-04-29,2025-04-29,84.03,53.43829584672141
TXN01328,120,4249.38,2025-02-23,EUR,Amit,Inactive,2025-01-23,,,,,
TXN01329,142,2717.8,2025-06-22,EUR,Amit,Inactive,2025-03-20,,,,,
TXN01330,155,4997.46,2025-04-26,EUR,Karan,Active,2025-03-28,,,,,
TXN01331,163,2251.6,2025-04-23,EUR,Rahul,Active,2025-03-21,2025-04-23,2025-04-23,2025-04-23,84.96,26.501883239171377
TXN01332,169,19.72,2025-03-23,EUR,Neha,Active,2025-01-21,,,,,
TXN01333,188,1617.29,2025-04-06,EUR,Amit,Active,2025-03-20,,,,,
TXN01334,195,1579.07,2025-04-02,EUR,Karan,Active,2025-02-09,2025-04-02,2025-04-02,2025-04-02,84.56,18.673959318826867
TXN01335,119,3401.3,2025-01-20,EUR,Karan,Inactive,2025-01-05,2025-01-20,2025-01-20,2025-01-20,83.33,40.81723268930757
TXN01336,148,4536.99,2025-01-29,EUR,Neha,Inactive,2025-02-15,2025-01-29,2025-01-29,2025-01-29,84.37,53.774919995258976
TXN01337,123,2521.63,2025-01-22,EUR,Manav,Active,2025-06-21,2025-01-22,2025-01-22,2025-01-22,84.89,29.704676640358112
TXN01338,148,3058.96,2025-02-10,EUR,Neha,Inactive,2025-02-15,2025-02-10,2025-02-10,2025-02-10,84.2,36.329691211401425
TXN01339,199,1558.9,2025-01-14,EUR,Aakash,Active,2025-04-17,2025-01-14,2025-01-14,2025-01-14,84.89,18.363764872187538
TXN01340,176,3153.02,2025-03-02,EUR,Karan,Active,2025-03-21,,,,,
TXN01341,115,3274.51,2025-01-14,EUR,Kriti,Active,2025-02-20,2025-01-14,2025-01-14,2025-01-14,84.89,38.57356579102368
TXN01342,120,1357.04,2025-06-14,EUR,Amit,Inactive,2025-01-23,,,,,
TXN01343,164,3818.67,2025-06-05,EUR,Dev,Inactive,2025-03-03,2025-06-05,2025-06-05,2025-06-05,83.11,45.947178438214415
TXN01344,134,2809.45,2025-05-03,EUR,Isha,Active,2025-03-11,,,,,
TXN01345,184,3499.42,2025-01-15,EUR,Meera,Inactive,2025-06-02,2025-01-15,2025-01-15,2025-01-15,84.52,41.40345480359679
TXN01346,106,2426.14,2025-01-23,EUR,Karan,Inactive,2025-03-11,2025-01-23,2025-01-23,2025-01-23,83.06,29.209487117746207
TXN01347,102,4971.73,2025-03-04,EUR,Dev,Active,2025-01-02,2025-03-04,2025-03-04,2025-03-04,84.73,58.67732798300483
TXN01348,193,1090.56,2025-02-13,EUR,Kriti,Active,2025-06-12,2025-02-13,2025-02-13,2025-02-13,84.62,12.887733396360197
TXN01349,148,4255.59,2025-01-21,EUR,Neha,Inactive,2025-02-15,2025-01-21,2025-01-21,2025-01-21,84.12,50.589514978602
TXN01350,183,1177.96,2025-03-27,EUR,Nisha,Active,2025-01-11,2025-03-27,2025-03-27,2025-03-27,84.95,13.866509711595056
TXN01351,183,2398.49,2025-01-09,EUR,Nisha,Active,2025-01-11,2025-01-09,2025-01-09,2025-01-09,84.09,28.522892139374477
TXN01352,174,59.79,2025-03-13,EUR,Pooja,Active,2025-04-20,2025-03-13,2025-03-13,2025-03-13,84.49,0.7076577109717127
TXN01353,140,1867.32,2025-05-10,EUR,Amit,Active,2025-04-18,,,,,
TXN01354,156,3930.53,2025-03-27,EUR,Meera,Active,2025-03-02,2025-03-27,2025-03-27,2025-03-27,84.95,46.26874632136551
TXN01355,153,1298.35,2025-01-02,EUR,Arjun,Inactive,2025-04-06,2025-01-02,2025-01-02,2025-01-02,83.25,15.595795795795794
TXN01356,119,215.94,2025-05-13,EUR,Karan,Inactive,2025-01-05,2025-05-13,2025-05-13,2025-05-13,84.5,2.5555029585798814
TXN01357,193,4112.13,2025-01-17,EUR,Kriti,Active,2025-06-12,2025-01-17,2025-01-17,2025-01-17,84.59,48.612483745123534
TXN01358,173,3642.96,2025-03-20,EUR,Dev,Active,2025-04-19,2025-03-20,2025-03-20,2025-03-20,84.53,43.09665207618597
TXN01359,176,3359.02,2025-03-23,EUR,Karan,Active,2025-03-21,,,,,
TXN01360,132,4189.95,2025-05-07,EUR,Amit,Inactive,2025-04-26,2025-05-07,2025-05-07,2025-05-07,84.84,49.38649222065063
TXN01361,152,3287.3,2025-03-19,EUR,Vikas,Inactive,2025-03-17,2025-03-19,2025-03-19,2025-03-19,84.86,38.737921282111714
TXN01362,132,371.53,2025-06-03,EUR,Amit,Inactive,2025-04-26,2025-06-03,2025-06-03,2025-06-03,84.29,4.40775892751216
TXN01363,116,2956.07,2025-02-07,EUR,Rohan,Active,2025-01-11,2025-02-07,2025-02-07,2025-02-07,84.17,35.12023286206487
TXN01364,124,1160.78,2025-06-01,EUR,Meera,Inactive,2025-01-29,,,,,
TXN01365,123,734.6,2025-05-23,EUR,Manav,Active,2025-06-21,2025-05-23,2025-05-23,2025-05-23,84.36,8.70791844476055
TXN01366,138,627.79,2025-01-26,EUR,Vikas,Active,2025-05-24,,,,,
TXN01367,125,3251.58,2025-06-20,EUR,Ritika,Active,2025-03-08,2025-06-20,2025-06-20,2025-06-20,84.39,38.530394596516174
TXN01368,179,3683.59,2025-01-25,EUR,Dev,Inactive,2025-03-04,,,,,
TXN01369,127,2922.85,2025-06-02,EUR,Isha,Inactive,2025-04-05,2025-06-02,2025-06-02,2025-06-02,83.58,34.97068676716918
TXN01370,142,4716.02,2025-04-30,EUR,Amit,Inactive,2025-03-20,2025-04-30,2025-04-30,2025-04-30,83.91,56.20331307353117
TXN01371,119,2372.97,2025-02-09,EUR,Karan,Inactive,2025-01-05,,,,,
TXN01372,177,978.93,2025-04-01,EUR,Sneha,Inactive,2025-02-14,2025-04-01,2025-04-01,2025-04-01,83.14,11.774476786143852
TXN01373,175,1455.48,2025-04-25,EUR,Isha,Inactive,2025-03-23,2025-04-25,2025-04-25,2025-04-25,84.26,17.273676714929977
TXN01374,149,1254.81,2025-06-18,EUR,Manav,Active,2025-03-16,2025-06-18,2025-06-18,2025-06-18,84.08,14.924000951474786
TXN01375,198,2017.95,2025-01-05,EUR,Priya,Inactive,2025-06-02,,,,,
TXN01376,163,4673.54,2025-04-30,EUR,Rahul,Active,2025-03-21,2025-04-30,2025-04-30,2025-04-30,83.91,55.697056369920155
TXN01377,105,2476.74,2025-06-02,EUR,Amit,Active,2025-05-05,2025-06-02,2025-06-02,2025-06-02,83.58,29.633165829145728
TXN01378,156,2157.38,2025-04-02,EUR,Meera,Active,2025-03-02,2025-04-02,2025-04-02,2025-04-02,84.56,25.513008514664143
TXN01379,111,4185.82,2025-03-14,EUR,Priya,Active,2025-06-12,2025-03-14,2025-03-14,2025-03-14,83.25,50.28012012012012
TXN01380,108,370.73,2025-01-28,EUR,Isha,Inactive,2025-05-18,2025-01-28,2025-01-28,2025-01-28,84.34,4.395660422101019
TXN01381,156,1606.96,2025-06-07,EUR,Meera,Active,2025-03-02,,,,,
TXN01382,104,4981.95,2025-02-02,EUR,Priya,Active,2025-06-19,,,,,
TXN01383,170,3730.56,2025-06-27,EUR,Neha,Active,2025-06-28,2025-06-27,2025-06-27,2025-06-27,83.32,44.77388382141143
TXN01384,183,82.13,2025-01-07,EUR,Nisha,Active,2025-01-11,2025-01-07,2025-01-07,2025-01-07,84.17,0.9757633361055007
TXN01385,171,4777.26,2025-03-08,EUR,Pooja,Inactive,2025-03-06,,,,,
TXN01386,200,2254.97,2025-02-10,EUR,Karan,Inactive,2025-03-01,2025-02-10,2025-02-10,2025-02-10,84.2,26.78111638954869
TXN01387,109,2181.14,2025-04-04,EUR,Aakash,Active,2025-01-19,2025-04-04,2025-04-04,2025-04-04,83.52,26.115181992337163
TXN01388,117,4206.18,2025-03-15,EUR,Nisha,Inactive,2025-05-25,,,,,
TXN01389,144,4424.55,2025-03-19,EUR,Yash,Active,2025-03-26,2025-03-19,2025-03-19,2025-03-19,84.86,52.13940608060335
TXN01390,130,3481.73,2025-02-12,EUR,Aakash,Inactive,2025-06-17,2025-02-12,2025-02-12,2025-02-12,84.15,41.37528223410576
TXN01391,147,1442.12,2025-03-09,EUR,Nisha,Active,2025-06-15,,,,,
TXN01392,183,1892.67,2025-02-25,EUR,Nisha,Active,2025-01-11,2025-02-25,2025-02-25,2025-02-25,84.55,22.38521584861029
TXN01393,186,3586.52,2025-05-17,EUR,Pooja,Inactive,2025-06-26,,,,,
TXN01394,106,1869.0,2025-01-06,EUR,Karan,Inactive,2025-03-11,2025-01-06,2025-01-06,2025-01-06,84.52,22.113109323237104
TXN01395,193,530.43,2025-06-10,EUR,Kriti,Active,2025-06-12,2025-06-10,2025-06-10,2025-06-10,84.34,6.289186625563196
TXN01396,172,1506.0,2025-06-21,EUR,Yash,Active,2025-06-05,,,,,
TXN01397,128,4085.48,2025-01-19,EUR,Vikas,Inactive,2025-01-11,,,,,
TXN01398,154,1404.75,2025-01-17,EUR,Rohan,Inactive,2025-04-09,2025-01-17,2025-01-17,2025-01-17,84.59,16.606572880955195
TXN01399,105,2212.09,2025-01-30,EUR,Amit,Active,2025-05-05,2025-01-30,2025-01-30,2025-01-30,83.49,26.495268894478382
TXN01400,135,58.88,2025-06-15,EUR,Rahul,Active,2025-03-17,,,,,
TXN01401,168,4250.19,2025-02-19,EUR,Sneha,Inactive,2025-06-28,2025-02-19,2025-02-19,2025-02-19,84.32,50.405479127134726
TXN01402,109,1023.41,2025-04-12,EUR,Aakash,Active,2025-01-19,,,,,
TXN01403,164,1781.89,2025-01-10,EUR,Dev,Inactive,2025-03-03,2025-01-10,2025-01-10,2025-01-10,83.92,21.23319828408008
TXN01404,159,111.85,2025-04-20,EUR,Arjun,Active,2025-04-03,,,,,
TXN01405,123,1542.46,2025-04-12,EUR,Manav,Active,2025-06-21,,,,,
TXN01406,119,3673.01,2025-03-28,EUR,Karan,Inactive,2025-01-05,2025-03-28,2025-03-28,2025-03-28,83.78,43.84113153497255
TXN01407,193,728.32,2025-03-09,EUR,Kriti,Active,2025-06-12,,,,,
TXN01408,136,1688.39,2025-05-30,EUR,Anjali,Inactive,2025-01-03,2025-05-30,2025-05-30,2025-05-30,83.63,20.188807844075097
TXN01409,101,2913.86,2025-03-11,EUR,Vikas,Active,2025-05-13,2025-03-11,2025-03-11,2025-03-11,84.24,34.589981006647676
TXN01410,180,2245.12,2025-04-16,EUR,Rahul,Active,2025-05-26,2025-04-16,2025-04-16,2025-04-16,84.84,26.46298915605846
TXN01411,153,3221.22,2025-01-25,EUR,Arjun,Inactive,2025-04-06,,,,,
TXN01412,113,4765.01,2025-04-15,EUR,Meera,Active,2025-04-29,2025-04-15,2025-04-15,2025-04-15,83.01,57.40284303096013
TXN01413,103,2905.24,2025-05-09,EUR,Aakash,Inactive,2025-06-19,2025-05-09,2025-05-09,2025-05-09,83.73,34.6977188582348
TXN01414,143,3204.27,2025-01-04,EUR,Meera,Inactive,2025-05-22,,,,,
TXN01415,102,402.33,2025-06-04,EUR,Dev,Active,2025-01-02,2025-06-04,2025-06-04,2025-06-04,84.9,4.73886925795053
TXN01416,106,1872.53,2025-02-19,EUR,Karan,Inactive,2025-03-11,2025-02-19,2025-02-19,2025-02-19,84.32,22.20742409867173
TXN01417,125,3997.43,2025-05-16,EUR,Ritika,Active,2025-03-08,2025-05-16,2025-05-16,2025-05-16,83.62,47.80471179143745
TXN01418,170,4909.76,2025-05-21,EUR,Neha,Active,2025-06-28,2025-05-21,2025-05-21,2025-05-21,84.58,58.04871127926224
TXN01419,190,3624.65,2025-05-07,EUR,Karan,Inactive,2025-03-07,2025-05-07,2025-05-07,2025-05-07,84.84,42.72336162187647
TXN01420,170,1466.09,2025-01-09,EUR,Neha,Active,2025-06-28,2025-01-09,2025-01-09,2025-01-09,84.09,17.4347722678083
TXN01421,187,3835.39,2025-05-16,EUR,Ritika,Inactive,2025-05-31,2025-05-16,2025-05-16,2025-05-16,83.62,45.86689787132265
TXN01422,190,983.0,2025-03-31,EUR,Karan,Inactive,2025-03-07,2025-03-31,2025-03-31,2025-03-31,84.07,11.692637088140836
TXN01423,173,3653.04,2025-01-21,EUR,Dev,Active,2025-04-19,2025-01-21,2025-01-21,2025-01-21,84.12,43.4265335235378
TXN01424,142,3228.41,2025-03-05,EUR,Amit,Inactive,2025-03-20,2025-03-05,2025-03-05,2025-03-05,83.34,38.73782097432205
TXN01425,163,2901.24,2025-01-18,EUR,Rahul,Active,2025-03-21,,,,,
TXN01426,115,2655.88,2025-05-07,EUR,Kriti,Active,2025-02-20,2025-05-07,2025-05-07,2025-05-07,84.84,31.304573314474304
TXN01427,171,1256.48,2025-01-05,EUR,Pooja,Inactive,2025-03-06,,,,,
TXN01428,138,476.13,2025-02-06,EUR,Vikas,Active,2025-05-24,2025-02-06,2025-02-06,2025-02-06,84.62,5.626683999054596
TXN01429,190,4889.52,2025-05-23,EUR,Karan,Inactive,2025-03-07,2025-05-23,2025-05-23,2025-05-23,84.36,57.960170697012806
TXN01430,152,4338.81,2025-01-20,EUR,Vikas,Inactive,2025-03-17,2025-01-20,2025-01-20,2025-01-20,83.33,52.06780271210849
TXN01431,174,1441.93,2025-03-22,EUR,Pooja,Active,2025-04-20,,,,,
TXN01432,120,791.72,2025-02-19,EUR,Amit,Inactive,2025-01-23,2025-02-19,2025-02-19,2025-02-19,84.32,9.389468690702088
TXN01433,161,2053.99,2025-01-23,EUR,Aakash,Active,2025-01-09,2025-01-23,2025-01-23,2025-01-23,83.06,24.728991090777747
TXN01434,141,2024.71,2025-06-23,EUR,Ritika,Active,2025-05-02,2025-06-23,2025-06-23,2025-06-23,83.26,24.31791976939707
TXN01435,160,4528.55,2025-05-04,EUR,Arjun,Active,2025-05-06,,,,,
TXN01436,135,3522.73,2025-01-28,EUR,Rahul,Active,2025-03-17,2025-01-28,2025-01-28,2025-01-28,84.34,41.76820014228124
TXN01437,163,707.53,2025-05-08,EUR,Rahul,Active,2025-03-21,2025-05-08,2025-05-08,2025-05-08,84.02,8.420971197333968
TXN01438,124,4408.82,2025-06-12,EUR,Meera,Inactive,2025-01-29,2025-06-12,2025-06-12,2025-06-12,84.97,51.886783570672
TXN01439,101,214.61,2025-04-03,EUR,Vikas,Active,2025-05-13,2025-04-03,2025-04-03,2025-04-03,84.55,2.5382613837965704
TXN01440,191,1980.65,2025-04-04,EUR,Rohan,Inactive,2025-02-15,2025-04-04,2025-04-04,2025-04-04,83.52,23.714679118773947
TXN01441,179,950.74,2025-02-11,EUR,Dev,Inactive,2025-03-04,2025-02-11,2025-02-11,2025-02-11,83.53,11.382018436489885
TXN01442,196,929.45,2025-06-23,EUR,Nisha,Inactive,2025-04-24,2025-06-23,2025-06-23,2025-06-23,83.26,11.163223636800383
TXN01443,177,39.61,2025-01-18,EUR,Sneha,Inactive,2025-02-14,,,,,
TXN01444,193,3961.9,2025-01-17,EUR,Kriti,Active,2025-06-12,2025-01-17,2025-01-17,2025-01-17,84.59,46.83650549710367
TXN01445,185,3457.34,2025-02-07,EUR,Rahul,Inactive,2025-02-04,2025-02-07,2025-02-07,2025-02-07,84.17,41.07568017108233
TXN01446,198,3974.01,2025-03-16,EUR,Priya,Inactive,2025-06-02,,,,,
TXN01447,198,3734.92,2025-01-24,EUR,Priya,Inactive,2025-06-02,2025-01-24,2025-01-24,2025-01-24,84.06,44.431596478705686
TXN01448,152,405.83,2025-03-08,EUR,Vikas,Inactive,2025-03-17,,,,,
TXN01449,145,2300.59,2025-02-11,EUR,Isha,Active,2025-03-04,2025-02-11,2025-02-11,2025-02-11,83.53,27.54208068957261
TXN01450,200,2669.47,2025-02-15,EUR,Karan,Inactive,2025-03-01,,,,,
TXN01451,160,3878.56,2025-04-22,EUR,Arjun,Active,2025-05-06,2025-04-22,2025-04-22,2025-04-22,83.35,46.53341331733654
TXN01452,134,1035.57,2025-03-23,EUR,Isha,Active,2025-03-11,,,,,
TXN01453,150,1991.8,2025-02-03,EUR,Anjali,Active,2025-04-28,2025-02-03,2025-02-03,2025-02-03,83.93,23.73168116287382
TXN01454,175,4341.7,2025-04-20,EUR,Isha,Inactive,2025-03-23,,,,,
TXN01455,129,1299.69,2025-02-25,EUR,Pooja,Inactive,2025-01-28,2025-02-25,2025-02-25,2025-02-25,84.55,15.371850975753993
TXN01456,137,1915.61,2025-02-23,EUR,Aakash,Inactive,2025-03-14,,,,,
TXN01457,106,243.78,2025-06-21,EUR,Karan,Inactive,2025-03-11,,,,,
TXN01458,137,4168.73,2025-02-14,EUR,Aakash,Inactive,2025-03-14,2025-02-14,2025-02-14,2025-02-14,83.57,49.883092018666986
TXN01459,174,1128.14,2025-03-21,EUR,Pooja,Active,2025-04-20,2025-03-21,2025-03-21,2025-03-21,84.13,13.409485320337575
TXN01460,187,3230.84,2025-04-03,EUR,Ritika,Inactive,2025-05-31,2025-04-03,2025-04-03,2025-04-03,84.55,38.21218214074512
TXN01461,189,1352.53,2025-04-27,EUR,Yash,Inactive,2025-04-10,,,,,
TXN01462,184,669.43,2025-02-26,EUR,Meera,Inactive,2025-06-02,2025-02-26,2025-02-26,2025-02-26,83.93,7.976051471464314
TXN01463,190,1148.84,2025-01-05,EUR,Karan,Inactive,2025-03-07,,,,,
TXN01464,150,90.08,2025-05-05,EUR,Anjali,Active,2025-04-28,2025-05-05,2025-05-05,2025-05-05,84.3,1.068564650059312
TXN01465,177,2630.57,2025-01-02,EUR,Sneha,Inactive,2025-02-14,2025-01-02,2025-01-02,2025-01-02,83.25,31.59843843843844
TXN01466,151,4154.94,2025-03-15,EUR,Kriti,Active,2025-02-09,,,,,
TXN01467,159,4912.69,2025-01-05,EUR,Arjun,Active,2025-04-03,,,,,
TXN01468,184,4988.03,2025-05-06,EUR,Meera,Inactive,2025-06-02,2025-05-06,2025-05-06,2025-05-06,84.84,58.79337576614804
TXN01469,104,3275.06,2025-03-07,EUR,Priya,Active,2025-06-19,2025-03-07,2025-03-07,2025-03-07,84.5,38.75810650887574
TXN01470,176,3640.95,2025-05-21,EUR,Karan,Active,2025-03-21,2025-05-21,2025-05-21,2025-05-21,84.58,43.04741073539844
TXN01471,169,248.74,2025-03-15,EUR,Neha,Active,2025-01-21,,,,,
TXN01472,148,3551.15,2025-01-22,EUR,Neha,Inactive,2025-02-15,2025-01-22,2025-01-22,2025-01-22,84.89,41.83237130404052
TXN01473,138,1348.71,2025-03-03,EUR,Vikas,Active,2025-05-24,2025-03-03,2025-03-03,2025-03-03,84.38,15.983763925100735
TXN01474,161,1843.28,2025-04-10,EUR,Aakash,Active,2025-01-09,2025-04-10,2025-04-10,2025-04-10,84.34,21.855347403367322
TXN01475,189,2873.09,2025-04-13,EUR,Yash,Inactive,2025-04-10,,,,,
TXN01476,102,3477.86,2025-02-17,EUR,Dev,Active,2025-01-02,2025-02-17,2025-02-17,2025-02-17,83.5,41.651017964071855
TXN01477,186,558.91,2025-03-12,EUR,Pooja,Inactive,2025-06-26,2025-03-12,2025-03-12,2025-03-12,83.2,6.717668269230769
TXN01478,138,1412.44,2025-03-02,EUR,Vikas,Active,2025-05-24,,,,,
TXN01479,126,3109.38,2025-05-21,EUR,Nisha,Inactive,2025-04-28,2025-05-21,2025-05-21,2025-05-21,84.58,36.76259162922677
TXN01480,199,2238.42,2025-05-09,EUR,Aakash,Active,2025-04-17,2025-05-09,2025-05-09,2025-05-09,83.73,26.733787173056253
TXN01481,179,1181.76,2025-06-21,EUR,Dev,Inactive,2025-03-04,,,,,
TXN01482,101,4528.6,2025-05-05,EUR,Vikas,Active,2025-05-13,2025-05-05,2025-05-05,2025-05-05,84.3,53.720047449584825
TXN01483,165,1926.89,2025-03-04,EUR,Karan,Inactive,2025-02-19,2025-03-04,2025-03-04,2025-03-04,84.73,22.741531924938037
TXN01484,108,3952.14,2025-05-30,EUR,Isha,Inactive,2025-05-18,2025-05-30,2025-05-30,2025-05-30,83.63,47.25744350113596
TXN01485,167,421.66,2025-01-14,EUR,Pooja,Active,2025-01-08,2025-01-14,2025-01-14,2025-01-14,84.89,4.967133938037461
TXN01486,138,16.74,2025-06-03,EUR,Vikas,Active,2025-05-24,2025-06-03,2025-06-03,2025-06-03,84.29,0.1986000711828212
TXN01487,176,2105.84,2025-02-15,EUR,Karan,Active,2025-03-21,,,,,
TXN01488,161,4187.21,2025-05-23,EUR,Aakash,Active,2025-01-09,2025-05-23,2025-05-23,2025-05-23,84.36,49.635016595542915
TXN01489,190,4156.45,2025-02-21,EUR,Karan,Inactive,2025-03-07,2025-02-21,2025-02-21,2025-02-21,83.67,49.676706107326396
TXN01490,117,1581.09,2025-02-06,EUR,Nisha,Inactive,2025-05-25,2025-02-06,2025-02-06,2025-02-06,84.62,18.684589931458284
TXN01491,119,4349.38,2025-04-01,EUR,Karan,Inactive,2025-01-05,2025-04-01,2025-04-01,2025-04-01,83.14,52.313928313687754
TXN01492,180,3745.59,2025-02-09,EUR,Rahul,Active,2025-05-26,,,,,
TXN01493,112,3555.15,2025-06-16,EUR,Rahul,Active,2025-03-25,2025-06-16,2025-06-16,2025-06-16,83.79,42.429287504475475
TXN01494,156,1200.02,2025-04-15,EUR,Meera,Active,2025-03-02,2025-04-15,2025-04-15,2025-04-15,83.01,14.45633056258282
TXN01495,169,210.41,2025-03-14,EUR,Neha,Active,2025-01-21,2025-03-14,2025-03-14,2025-03-14,83.25,2.5274474474474475
TXN01496,182,1495.24,2025-03-28,EUR,Amit,Active,2025-06-28,2025-03-28,2025-03-28,2025-03-28,83.78,17.847218906660302
TXN01497,191,1575.01,2025-01-03,EUR,Rohan,Inactive,2025-02-15,2025-01-03,2025-01-03,2025-01-03,83.71,18.81507585712579
TXN01498,133,444.86,2025-01-30,EUR,Meera,Inactive,2025-01-20,2025-01-30,2025-01-30,2025-01-30,83.49,5.328302790753384
TXN01499,156,3682.71,2025-06-18,EUR,Meera,Active,2025-03-02,2025-06-18,2025-06-18,2025-06-18,84.08,43.800071360608946
TXN01500,180,1856.34,2025-02-08,EUR,Rahul,Active,2025-05-26,,,,,
